msa_name,Total_2019,1 Unit_2019,2 Units_2019,3 and 4 Units_2019,5 Units or More_2019,Num of Structures With 5 Units or More_2019,Total_2020,1 Unit_2020,2 Units_2020,3 and 4 Units_2020,5 Units or More_2020,Num of Structures With 5 Units or More_2020,Total_2021,1 Unit_2021,2 Units_2021,3 and 4 Units_2021,5 Units or More_2021,Num of Structures With 5 Units or More_2021,Total_2022,1 Unit_2022,2 Units_2022,3 and 4 Units_2022,5 Units or More_2022,Num of Structures With 5 Units or More_2022,Total_2023,1 Unit_2023,2 Units_2023,3 and 4 Units_2023,5 Units or More_2023,Num of Structures With 5 Units or More_2023
"Abilene, TX",370.0,354.0,16.0,0.0,0.0,0.0,663.0,397.0,50.0,20.0,196.0,19.0,883.0,506.0,88.0,0.0,289.0,7.0,799.0,473.0,52.0,0.0,274.0,36.0,462.0,342.0,56.0,0.0,64.0,9.0
"Akron, OH",945.0,856.0,2.0,32.0,55.0,1.0,914.0,788.0,6.0,31.0,89.0,5.0,1215.0,881.0,10.0,107.0,217.0,28.0,3047.0,796.0,68.0,437.0,1746.0,137.0,940.0,709.0,4.0,103.0,124.0,18.0
"Albany, GA",402.0,182.0,0.0,0.0,220.0,10.0,367.0,173.0,0.0,0.0,194.0,13.0,224.0,224.0,0.0,0.0,0.0,0.0,202.0,169.0,0.0,0.0,33.0,2.0,183.0,162.0,2.0,4.0,15.0,3.0
"Albany, OR",716.0,466.0,0.0,0.0,250.0,26.0,796.0,440.0,30.0,15.0,311.0,26.0,620.0,385.0,12.0,0.0,223.0,22.0,327.0,220.0,26.0,3.0,78.0,4.0,377.0,239.0,52.0,7.0,79.0,9.0
"Albany, NY",1870.0,1120.0,40.0,45.0,665.0,48.0,2046.0,1299.0,42.0,77.0,628.0,63.0,2697.0,1385.0,38.0,92.0,1182.0,45.0,2635.0,1266.0,68.0,44.0,1257.0,78.0,1907.0,976.0,40.0,55.0,836.0,56.0
"Albuquerque, NM",2148.0,1872.0,2.0,12.0,262.0,14.0,2014.0,1925.0,0.0,21.0,68.0,12.0,4021.0,2535.0,52.0,24.0,1410.0,52.0,2852.0,1903.0,0.0,7.0,942.0,9.0,2834.0,2057.0,0.0,0.0,777.0,12.0
"Alexandria, LA",333.0,303.0,30.0,0.0,0.0,0.0,313.0,287.0,26.0,0.0,0.0,0.0,289.0,273.0,16.0,0.0,0.0,0.0,353.0,313.0,40.0,0.0,0.0,0.0,241.0,223.0,18.0,0.0,0.0,0.0
"Allentown, PA",1345.0,1078.0,22.0,6.0,239.0,17.0,1688.0,1110.0,26.0,4.0,548.0,52.0,2606.0,1716.0,20.0,12.0,858.0,29.0,2232.0,1576.0,28.0,20.0,608.0,17.0,1735.0,1329.0,24.0,4.0,378.0,21.0
"Altoona, PA",111.0,111.0,0.0,0.0,0.0,0.0,96.0,96.0,0.0,0.0,0.0,0.0,94.0,94.0,0.0,0.0,0.0,0.0,123.0,71.0,0.0,0.0,52.0,6.0,110.0,62.0,4.0,32.0,12.0,1.0
"Amarillo, TX",584.0,554.0,30.0,0.0,0.0,0.0,1022.0,721.0,16.0,0.0,285.0,39.0,736.0,682.0,38.0,0.0,16.0,2.0,982.0,818.0,50.0,4.0,110.0,7.0,672.0,567.0,46.0,4.0,55.0,11.0
"Ames, IA",549.0,258.0,12.0,7.0,272.0,8.0,270.0,251.0,8.0,3.0,8.0,1.0,394.0,279.0,2.0,3.0,110.0,4.0,328.0,236.0,8.0,52.0,32.0,3.0,262.0,167.0,4.0,83.0,8.0,1.0
"Anchorage, AK",1163.0,878.0,12.0,48.0,225.0,22.0,1030.0,771.0,18.0,52.0,189.0,15.0,1183.0,877.0,10.0,52.0,244.0,22.0,213.0,166.0,10.0,8.0,29.0,3.0,457.0,338.0,22.0,8.0,89.0,3.0
"Ann Arbor, MI",815.0,608.0,0.0,84.0,123.0,15.0,1065.0,711.0,136.0,21.0,197.0,4.0,916.0,795.0,26.0,80.0,15.0,2.0,656.0,603.0,6.0,14.0,33.0,5.0,1597.0,485.0,28.0,4.0,1080.0,67.0
"Anniston, AL",105.0,105.0,0.0,0.0,0.0,0.0,102.0,102.0,0.0,0.0,0.0,0.0,68.0,68.0,0.0,0.0,0.0,0.0,78.0,76.0,2.0,0.0,0.0,0.0,64.0,62.0,2.0,0.0,0.0,0.0
"Appleton, WI",577.0,490.0,54.0,0.0,33.0,1.0,1311.0,594.0,88.0,0.0,629.0,47.0,1429.0,574.0,100.0,0.0,755.0,69.0,767.0,480.0,104.0,0.0,183.0,9.0,753.0,461.0,48.0,16.0,228.0,12.0
"Asheville, NC",3254.0,2252.0,32.0,0.0,970.0,56.0,3432.0,2335.0,18.0,0.0,1079.0,53.0,4238.0,2976.0,10.0,0.0,1252.0,49.0,3531.0,2813.0,2.0,0.0,716.0,35.0,3926.0,2636.0,30.0,0.0,1260.0,51.0
"Athens, GA",1591.0,821.0,82.0,55.0,633.0,69.0,1218.0,857.0,232.0,129.0,0.0,0.0,1848.0,856.0,24.0,46.0,922.0,48.0,2345.0,771.0,20.0,12.0,1542.0,58.0,1026.0,776.0,34.0,33.0,183.0,12.0
"Atlanta, GA",32836.0,26261.0,42.0,115.0,6418.0,169.0,32346.0,28632.0,96.0,228.0,3390.0,149.0,39466.0,31560.0,78.0,151.0,7677.0,317.0,48501.0,26629.0,186.0,398.0,21288.0,563.0,38639.0,24022.0,114.0,276.0,14227.0,460.0
"Atlantic City, NJ",957.0,364.0,8.0,0.0,585.0,53.0,667.0,499.0,6.0,0.0,162.0,15.0,804.0,556.0,2.0,6.0,240.0,16.0,762.0,401.0,22.0,0.0,339.0,28.0,383.0,299.0,44.0,0.0,40.0,6.0
"Auburn, AL",2091.0,1129.0,66.0,55.0,841.0,16.0,2221.0,1316.0,18.0,18.0,869.0,59.0,1851.0,1487.0,42.0,28.0,294.0,19.0,2192.0,1127.0,28.0,7.0,1030.0,21.0,1403.0,1359.0,30.0,9.0,5.0,1.0
"Augusta, GA",3201.0,2655.0,58.0,87.0,401.0,18.0,3556.0,3445.0,6.0,67.0,38.0,5.0,4280.0,4144.0,0.0,109.0,27.0,4.0,4190.0,3429.0,6.0,89.0,666.0,31.0,3559.0,3380.0,14.0,33.0,132.0,9.0
"Austin, TX",32037.0,18426.0,254.0,90.0,13267.0,362.0,42264.0,22570.0,346.0,71.0,19277.0,406.0,50907.0,24486.0,494.0,285.0,25642.0,539.0,42362.0,19715.0,326.0,142.0,22179.0,464.0,38773.0,16532.0,244.0,244.0,21753.0,445.0
"Bakersfield, CA",2261.0,2190.0,12.0,24.0,35.0,6.0,2502.0,2209.0,34.0,7.0,252.0,25.0,2293.0,2152.0,32.0,18.0,91.0,11.0,2688.0,2471.0,26.0,7.0,184.0,17.0,2451.0,2246.0,54.0,15.0,136.0,17.0
"Baltimore, MD",6967.0,4802.0,72.0,25.0,2068.0,39.0,8094.0,5010.0,2.0,4.0,3078.0,56.0,7834.0,4783.0,2.0,4.0,3045.0,53.0,6588.0,2832.0,10.0,6.0,3740.0,58.0,7539.0,3798.0,2.0,4.0,3735.0,80.0
"Bangor, ME",266.0,216.0,38.0,12.0,0.0,0.0,337.0,227.0,44.0,28.0,38.0,1.0,368.0,316.0,32.0,20.0,0.0,0.0,415.0,334.0,50.0,31.0,0.0,0.0,404.0,335.0,18.0,8.0,43.0,6.0
"Barnstable Town, MA",513.0,427.0,14.0,3.0,69.0,4.0,592.0,536.0,40.0,6.0,10.0,1.0,672.0,646.0,18.0,0.0,8.0,1.0,887.0,564.0,36.0,15.0,272.0,3.0,547.0,418.0,12.0,13.0,104.0,4.0
"Baton Rouge, LA",3622.0,3612.0,10.0,0.0,0.0,0.0,3780.0,3766.0,14.0,0.0,0.0,0.0,4460.0,4458.0,2.0,0.0,0.0,0.0,3770.0,3478.0,22.0,3.0,267.0,12.0,3281.0,3013.0,4.0,0.0,264.0,11.0
"Battle Creek, MI",56.0,54.0,2.0,0.0,0.0,0.0,90.0,90.0,0.0,0.0,0.0,0.0,108.0,108.0,0.0,0.0,0.0,0.0,95.0,93.0,2.0,0.0,0.0,0.0,131.0,131.0,0.0,0.0,0.0,0.0
"Bay City, MI",83.0,83.0,0.0,0.0,0.0,0.0,135.0,79.0,0.0,0.0,56.0,2.0,74.0,74.0,0.0,0.0,0.0,0.0,67.0,67.0,0.0,0.0,0.0,0.0,38.0,38.0,0.0,0.0,0.0,0.0
"Beaumont, TX",1363.0,1100.0,12.0,0.0,251.0,23.0,1753.0,1555.0,42.0,8.0,148.0,11.0,1585.0,1401.0,36.0,32.0,116.0,10.0,1368.0,1338.0,24.0,0.0,6.0,1.0,1181.0,1007.0,20.0,8.0,146.0,17.0
"Beckley, WV",77.0,77.0,0.0,0.0,0.0,0.0,75.0,75.0,0.0,0.0,0.0,0.0,103.0,101.0,2.0,0.0,0.0,0.0,104.0,104.0,0.0,0.0,0.0,0.0,91.0,91.0,0.0,0.0,0.0,0.0
"Bellingham, WA",1821.0,816.0,50.0,63.0,892.0,26.0,1382.0,718.0,72.0,59.0,533.0,21.0,1871.0,888.0,26.0,36.0,921.0,25.0,1614.0,810.0,10.0,78.0,716.0,25.0,894.0,571.0,6.0,25.0,292.0,7.0
"Bend, OR",2028.0,1488.0,74.0,8.0,458.0,24.0,2338.0,1734.0,128.0,17.0,459.0,18.0,2737.0,1734.0,112.0,32.0,859.0,43.0,2113.0,1178.0,112.0,47.0,776.0,36.0,2397.0,1192.0,122.0,15.0,1068.0,36.0
"Billings, MT",1154.0,909.0,52.0,22.0,171.0,1.0,1435.0,1032.0,104.0,62.0,237.0,12.0,979.0,597.0,86.0,0.0,296.0,7.0,1202.0,881.0,72.0,0.0,249.0,12.0,349.0,343.0,6.0,0.0,0.0,0.0
"Binghamton, NY",351.0,64.0,0.0,4.0,283.0,4.0,446.0,133.0,34.0,4.0,275.0,3.0,499.0,140.0,0.0,4.0,355.0,3.0,445.0,145.0,0.0,0.0,300.0,35.0,338.0,120.0,0.0,4.0,214.0,31.0
"Birmingham, AL",3202.0,3063.0,22.0,7.0,110.0,11.0,3845.0,3512.0,26.0,0.0,307.0,21.0,3984.0,3433.0,4.0,3.0,544.0,6.0,4147.0,3045.0,64.0,46.0,992.0,29.0,3392.0,3042.0,22.0,4.0,324.0,20.0
"Bismarck, ND",631.0,374.0,28.0,4.0,225.0,5.0,715.0,401.0,170.0,21.0,123.0,5.0,792.0,416.0,232.0,0.0,144.0,5.0,610.0,378.0,90.0,70.0,72.0,2.0,298.0,199.0,74.0,20.0,5.0,1.0
"Blacksburg, VA",632.0,353.0,6.0,4.0,269.0,3.0,1748.0,394.0,2.0,4.0,1348.0,26.0,386.0,358.0,4.0,0.0,24.0,2.0,500.0,377.0,16.0,0.0,107.0,4.0,489.0,481.0,2.0,6.0,0.0,0.0
"Bloomington, IL",192.0,115.0,12.0,0.0,65.0,8.0,265.0,162.0,22.0,0.0,81.0,5.0,283.0,201.0,20.0,0.0,62.0,5.0,437.0,305.0,6.0,8.0,118.0,3.0,215.0,159.0,52.0,4.0,0.0,0.0
"Bloomington, IN",762.0,256.0,14.0,0.0,492.0,9.0,650.0,283.0,20.0,0.0,347.0,12.0,2086.0,254.0,12.0,10.0,1810.0,37.0,563.0,351.0,6.0,0.0,206.0,10.0,576.0,333.0,4.0,0.0,239.0,5.0
"Bloomsburg, PA",111.0,91.0,20.0,0.0,0.0,0.0,90.0,86.0,4.0,0.0,0.0,0.0,159.0,87.0,0.0,0.0,72.0,2.0,135.0,135.0,0.0,0.0,0.0,0.0,108.0,104.0,4.0,0.0,0.0,0.0
"Boise City, ID",10632.0,7570.0,76.0,226.0,2760.0,156.0,9762.0,8158.0,144.0,351.0,1109.0,65.0,12196.0,8342.0,72.0,581.0,3201.0,179.0,10475.0,5925.0,78.0,398.0,4074.0,198.0,9891.0,6508.0,38.0,230.0,3115.0,91.0
"Boston, MA",15088.0,4299.0,466.0,394.0,9929.0,671.0,14248.0,4457.0,562.0,309.0,8920.0,490.0,16602.0,4820.0,520.0,349.0,10913.0,599.0,13595.0,4025.0,466.0,381.0,8723.0,295.0,10822.0,3396.0,368.0,349.0,6709.0,226.0
"Boulder, CO",1650.0,742.0,2.0,0.0,906.0,43.0,1634.0,573.0,46.0,52.0,963.0,38.0,1237.0,343.0,62.0,60.0,772.0,29.0,1642.0,661.0,26.0,76.0,879.0,52.0,1642.0,791.0,16.0,48.0,787.0,49.0
"Bowling Green, KY",762.0,591.0,32.0,36.0,103.0,16.0,978.0,806.0,8.0,20.0,144.0,16.0,2137.0,1071.0,12.0,4.0,1050.0,95.0,1636.0,835.0,8.0,35.0,758.0,86.0,1455.0,822.0,6.0,33.0,594.0,62.0
"Bremerton, WA",1117.0,931.0,10.0,4.0,172.0,9.0,1285.0,909.0,24.0,4.0,348.0,13.0,2285.0,1112.0,32.0,16.0,1125.0,56.0,1701.0,1041.0,8.0,50.0,602.0,20.0,2258.0,1006.0,2.0,4.0,1246.0,58.0
"Bridgeport, CT",2326.0,635.0,40.0,20.0,1631.0,29.0,1862.0,638.0,52.0,4.0,1168.0,42.0,1292.0,714.0,48.0,29.0,501.0,32.0,1831.0,640.0,40.0,6.0,1145.0,24.0,1527.0,441.0,44.0,20.0,1022.0,25.0
"Brownsville, TX",1817.0,1390.0,144.0,43.0,240.0,24.0,1904.0,1576.0,68.0,68.0,192.0,10.0,2052.0,1573.0,102.0,80.0,297.0,24.0,2506.0,1937.0,88.0,39.0,442.0,22.0,1952.0,1604.0,138.0,111.0,99.0,16.0
"Brunswick, GA",460.0,437.0,10.0,0.0,13.0,1.0,542.0,457.0,36.0,3.0,46.0,3.0,723.0,691.0,12.0,0.0,20.0,4.0,1568.0,880.0,88.0,63.0,537.0,19.0,786.0,562.0,68.0,64.0,92.0,3.0
"Buffalo, NY",1693.0,912.0,10.0,34.0,737.0,71.0,1444.0,912.0,32.0,31.0,469.0,37.0,1553.0,980.0,56.0,43.0,474.0,40.0,1591.0,1213.0,32.0,49.0,297.0,25.0,1261.0,755.0,54.0,48.0,404.0,36.0
"Burlington, NC",1407.0,943.0,0.0,0.0,464.0,23.0,1784.0,1182.0,8.0,0.0,594.0,20.0,2294.0,1557.0,0.0,25.0,712.0,30.0,1949.0,1793.0,2.0,8.0,146.0,11.0,2730.0,1641.0,6.0,0.0,1083.0,29.0
"Burlington, VT",867.0,382.0,72.0,10.0,403.0,14.0,1103.0,410.0,40.0,24.0,629.0,21.0,1049.0,458.0,60.0,8.0,523.0,16.0,1124.0,422.0,74.0,25.0,603.0,29.0,1196.0,430.0,82.0,15.0,669.0,21.0
"California, MD",689.0,615.0,8.0,0.0,66.0,6.0,555.0,399.0,156.0,0.0,0.0,0.0,359.0,353.0,0.0,0.0,6.0,1.0,238.0,238.0,0.0,0.0,0.0,0.0,386.0,386.0,0.0,0.0,0.0,0.0
"Canton, OH",624.0,478.0,14.0,22.0,110.0,18.0,690.0,518.0,28.0,47.0,97.0,15.0,953.0,538.0,34.0,73.0,308.0,50.0,810.0,469.0,32.0,96.0,213.0,32.0,512.0,364.0,18.0,53.0,77.0,13.0
"Cape Coral, FL",9105.0,5633.0,382.0,144.0,2946.0,89.0,10673.0,6828.0,448.0,108.0,3289.0,115.0,13394.0,11020.0,564.0,75.0,1735.0,68.0,13621.0,9145.0,256.0,113.0,4107.0,166.0,13556.0,8654.0,304.0,15.0,4583.0,153.0
"Cape Girardeau, MO",795.0,108.0,8.0,3.0,676.0,1.0,141.0,79.0,6.0,20.0,36.0,2.0,177.0,167.0,10.0,0.0,0.0,0.0,94.0,92.0,2.0,0.0,0.0,0.0,79.0,79.0,0.0,0.0,0.0,0.0
"Carbondale, IL",182.0,172.0,6.0,4.0,0.0,0.0,183.0,178.0,2.0,3.0,0.0,0.0,99.0,87.0,4.0,8.0,0.0,0.0,150.0,67.0,4.0,69.0,10.0,2.0,135.0,72.0,4.0,51.0,8.0,1.0
"Carson City, NV",248.0,172.0,0.0,3.0,73.0,6.0,263.0,190.0,0.0,9.0,64.0,9.0,307.0,203.0,0.0,15.0,89.0,13.0,272.0,167.0,0.0,12.0,93.0,15.0,242.0,153.0,0.0,9.0,80.0,13.0
"Casper, WY",177.0,158.0,12.0,7.0,0.0,0.0,208.0,148.0,4.0,7.0,49.0,1.0,275.0,140.0,4.0,12.0,119.0,10.0,208.0,134.0,10.0,4.0,60.0,2.0,218.0,206.0,0.0,12.0,0.0,0.0
"Cedar Rapids, IA",814.0,509.0,114.0,7.0,184.0,6.0,644.0,453.0,88.0,22.0,81.0,3.0,898.0,546.0,94.0,8.0,250.0,12.0,947.0,453.0,70.0,19.0,405.0,15.0,768.0,467.0,42.0,58.0,201.0,11.0
"Chambersburg, PA",293.0,284.0,2.0,0.0,7.0,1.0,330.0,281.0,30.0,4.0,15.0,3.0,382.0,337.0,20.0,0.0,25.0,5.0,410.0,312.0,30.0,12.0,56.0,10.0,737.0,643.0,24.0,0.0,70.0,6.0
"Champaign, IL",1175.0,247.0,2.0,27.0,899.0,21.0,1547.0,292.0,4.0,0.0,1251.0,21.0,616.0,271.0,0.0,0.0,345.0,21.0,920.0,313.0,0.0,32.0,575.0,10.0,609.0,245.0,14.0,3.0,347.0,9.0
"Charleston, WV",318.0,314.0,0.0,4.0,0.0,0.0,336.0,296.0,0.0,4.0,36.0,2.0,260.0,218.0,2.0,0.0,40.0,1.0,160.0,154.0,2.0,4.0,0.0,0.0,185.0,185.0,0.0,0.0,0.0,0.0
"Charleston, SC",6695.0,4758.0,6.0,19.0,1912.0,74.0,8604.0,5791.0,0.0,34.0,2779.0,93.0,8282.0,5913.0,16.0,11.0,2342.0,95.0,9491.0,6329.0,2.0,32.0,3128.0,129.0,8573.0,6184.0,82.0,234.0,2073.0,211.0
"Charlotte, NC",24637.0,16253.0,58.0,88.0,8238.0,228.0,26548.0,19690.0,108.0,26.0,6724.0,207.0,30126.0,20830.0,40.0,70.0,9186.0,269.0,27212.0,19029.0,142.0,47.0,7994.0,202.0,29419.0,19146.0,120.0,26.0,10127.0,233.0
"Charlottesville, VA",1375.0,996.0,6.0,3.0,370.0,14.0,1673.0,1068.0,18.0,0.0,587.0,25.0,1427.0,999.0,18.0,0.0,410.0,42.0,1500.0,1017.0,4.0,20.0,459.0,34.0,1309.0,899.0,4.0,15.0,391.0,27.0
"Chattanooga, TN",2697.0,1861.0,112.0,52.0,672.0,41.0,3061.0,2251.0,96.0,32.0,682.0,35.0,3673.0,2443.0,106.0,98.0,1026.0,45.0,3081.0,2121.0,168.0,78.0,714.0,40.0,3016.0,2243.0,120.0,126.0,527.0,28.0
"Cheyenne, WY",432.0,386.0,0.0,24.0,22.0,4.0,550.0,438.0,2.0,24.0,86.0,6.0,737.0,500.0,16.0,94.0,127.0,9.0,1163.0,375.0,0.0,144.0,644.0,13.0,287.0,165.0,14.0,100.0,8.0,1.0
"Chicago, IL",18085.0,7598.0,380.0,761.0,9346.0,259.0,14995.0,8122.0,334.0,519.0,6020.0,225.0,18511.0,10071.0,262.0,733.0,7445.0,259.0,17635.0,8562.0,296.0,649.0,8128.0,250.0,15028.0,8452.0,350.0,660.0,5566.0,285.0
"Chico, CA",1426.0,885.0,6.0,64.0,471.0,36.0,1837.0,1430.0,82.0,95.0,230.0,24.0,2050.0,1193.0,44.0,67.0,746.0,33.0,1853.0,989.0,50.0,48.0,766.0,40.0,929.0,691.0,20.0,16.0,202.0,12.0
"Cincinnati, OH",6023.0,4488.0,28.0,54.0,1453.0,37.0,7297.0,5392.0,58.0,97.0,1750.0,93.0,8429.0,5358.0,60.0,120.0,2891.0,127.0,6166.0,4062.0,310.0,174.0,1620.0,87.0,6241.0,3714.0,294.0,193.0,2040.0,107.0
"Clarksville, TN",2657.0,2332.0,32.0,53.0,240.0,24.0,3805.0,3043.0,116.0,169.0,477.0,27.0,4112.0,2217.0,22.0,143.0,1730.0,169.0,4093.0,1501.0,44.0,409.0,2139.0,228.0,2939.0,1385.0,92.0,134.0,1328.0,94.0
"Cleveland, TN",755.0,607.0,38.0,32.0,78.0,1.0,713.0,676.0,2.0,35.0,0.0,0.0,790.0,765.0,2.0,23.0,0.0,0.0,924.0,775.0,16.0,119.0,14.0,2.0,821.0,775.0,0.0,28.0,18.0,2.0
"Cleveland, OH",3032.0,2584.0,38.0,112.0,298.0,16.0,3374.0,2814.0,20.0,116.0,424.0,20.0,3340.0,2949.0,22.0,73.0,296.0,14.0,3733.0,2913.0,16.0,99.0,705.0,52.0,3491.0,2500.0,14.0,89.0,888.0,44.0
"Coeur dAlene, ID",2526.0,1577.0,62.0,35.0,852.0,53.0,2929.0,1669.0,44.0,18.0,1198.0,63.0,2426.0,1629.0,50.0,37.0,710.0,41.0,2039.0,1206.0,50.0,18.0,765.0,41.0,2043.0,1406.0,64.0,22.0,551.0,38.0
"College Station, TX",1480.0,1091.0,68.0,6.0,315.0,11.0,2103.0,1392.0,30.0,8.0,673.0,23.0,2300.0,1765.0,14.0,7.0,514.0,20.0,1775.0,1545.0,24.0,40.0,166.0,15.0,1462.0,1155.0,30.0,0.0,277.0,12.0
"Colorado Springs, CO",5508.0,4051.0,98.0,43.0,1316.0,46.0,6932.0,5039.0,302.0,4.0,1587.0,34.0,9335.0,5074.0,312.0,24.0,3925.0,105.0,8844.0,3646.0,236.0,20.0,4942.0,128.0,5277.0,2670.0,242.0,6.0,2359.0,69.0
"Columbia, MO",799.0,633.0,4.0,0.0,162.0,4.0,934.0,806.0,6.0,0.0,122.0,5.0,1029.0,838.0,2.0,0.0,189.0,8.0,779.0,628.0,12.0,4.0,135.0,8.0,681.0,609.0,4.0,0.0,68.0,4.0
"Columbia, SC",4424.0,4209.0,10.0,0.0,205.0,12.0,4872.0,4787.0,4.0,0.0,81.0,13.0,6881.0,5853.0,24.0,0.0,1004.0,28.0,5804.0,4101.0,18.0,175.0,1510.0,58.0,5465.0,4634.0,78.0,151.0,602.0,15.0
"Columbus, GA",1097.0,707.0,2.0,8.0,380.0,12.0,1828.0,1303.0,14.0,0.0,511.0,18.0,1133.0,740.0,14.0,0.0,379.0,16.0,1648.0,636.0,34.0,0.0,978.0,34.0,639.0,579.0,6.0,4.0,50.0,7.0
"Columbus, IN",189.0,189.0,0.0,0.0,0.0,0.0,169.0,169.0,0.0,0.0,0.0,0.0,231.0,231.0,0.0,0.0,0.0,0.0,209.0,209.0,0.0,0.0,0.0,0.0,156.0,156.0,0.0,0.0,0.0,0.0
"Columbus, OH",8090.0,4389.0,74.0,184.0,3443.0,174.0,12358.0,5481.0,106.0,159.0,6612.0,251.0,12062.0,6844.0,78.0,84.0,5056.0,231.0,12075.0,5603.0,98.0,82.0,6292.0,313.0,11440.0,5364.0,134.0,236.0,5706.0,184.0
"Corpus Christi, TX",1815.0,1601.0,14.0,8.0,192.0,8.0,1923.0,1646.0,2.0,8.0,267.0,8.0,2575.0,2213.0,0.0,4.0,358.0,7.0,1900.0,1895.0,0.0,0.0,5.0,1.0,1851.0,1780.0,2.0,0.0,69.0,3.0
"Corvallis, OR",542.0,218.0,0.0,24.0,300.0,6.0,302.0,281.0,0.0,3.0,18.0,2.0,284.0,270.0,2.0,12.0,0.0,0.0,286.0,174.0,2.0,0.0,110.0,6.0,404.0,128.0,14.0,4.0,258.0,12.0
"Crestview, FL",3544.0,2393.0,10.0,82.0,1059.0,61.0,2755.0,2400.0,10.0,16.0,329.0,29.0,3892.0,3411.0,40.0,63.0,378.0,21.0,4122.0,2784.0,80.0,36.0,1222.0,59.0,5596.0,2814.0,52.0,20.0,2710.0,97.0
"Cumberland, MD",105.0,65.0,0.0,0.0,40.0,2.0,94.0,62.0,0.0,0.0,32.0,1.0,69.0,69.0,0.0,0.0,0.0,0.0,66.0,63.0,0.0,3.0,0.0,0.0,72.0,57.0,4.0,11.0,0.0,0.0
"Dallas, TX",62708.0,34939.0,382.0,293.0,27094.0,594.0,60812.0,44005.0,828.0,221.0,15758.0,406.0,78705.0,51996.0,836.0,632.0,25241.0,518.0,77927.0,43685.0,686.0,1314.0,32242.0,683.0,68029.0,44366.0,926.0,422.0,22315.0,465.0
"Dalton, GA",326.0,298.0,2.0,8.0,18.0,1.0,445.0,410.0,0.0,0.0,35.0,6.0,732.0,387.0,12.0,30.0,303.0,9.0,480.0,376.0,40.0,34.0,30.0,6.0,496.0,366.0,50.0,36.0,44.0,8.0
"Danville, IL",12.0,12.0,0.0,0.0,0.0,0.0,7.0,7.0,0.0,0.0,0.0,0.0,6.0,6.0,0.0,0.0,0.0,0.0,2.0,2.0,0.0,0.0,0.0,0.0,8.0,8.0,0.0,0.0,0.0,0.0
"Daphne, AL",3150.0,2740.0,42.0,22.0,346.0,10.0,3614.0,3395.0,14.0,0.0,205.0,14.0,3705.0,3315.0,0.0,0.0,390.0,16.0,3417.0,3141.0,32.0,4.0,240.0,10.0,4363.0,3316.0,16.0,16.0,1015.0,61.0
"Davenport, IA",801.0,533.0,0.0,4.0,264.0,11.0,582.0,431.0,2.0,26.0,123.0,5.0,629.0,436.0,22.0,65.0,106.0,11.0,597.0,416.0,26.0,99.0,56.0,8.0,614.0,366.0,16.0,75.0,157.0,8.0
"Dayton, OH",1231.0,1071.0,34.0,4.0,122.0,10.0,1699.0,1146.0,40.0,60.0,453.0,17.0,2039.0,1521.0,6.0,16.0,496.0,23.0,2265.0,1262.0,22.0,47.0,934.0,40.0,1766.0,1120.0,10.0,88.0,548.0,27.0
"Decatur, AL",177.0,177.0,0.0,0.0,0.0,0.0,224.0,216.0,0.0,0.0,8.0,1.0,226.0,226.0,0.0,0.0,0.0,0.0,279.0,275.0,0.0,4.0,0.0,0.0,319.0,307.0,0.0,12.0,0.0,0.0
"Decatur, IL",35.0,35.0,0.0,0.0,0.0,0.0,31.0,29.0,2.0,0.0,0.0,0.0,33.0,31.0,2.0,0.0,0.0,0.0,21.0,21.0,0.0,0.0,0.0,0.0,34.0,34.0,0.0,0.0,0.0,0.0
"Deltona, FL",4753.0,3772.0,212.0,0.0,769.0,22.0,6443.0,4906.0,254.0,4.0,1279.0,36.0,8214.0,6753.0,502.0,3.0,956.0,47.0,8746.0,6437.0,194.0,0.0,2115.0,65.0,7082.0,5343.0,296.0,97.0,1346.0,29.0
"Denver, CO",19308.0,11081.0,86.0,104.0,8037.0,128.0,19732.0,11234.0,252.0,101.0,8145.0,148.0,30006.0,13113.0,602.0,263.0,16028.0,356.0,23009.0,10099.0,372.0,196.0,12342.0,240.0,20650.0,9012.0,164.0,112.0,11362.0,286.0
"Des Moines, IA",5269.0,3915.0,34.0,8.0,1312.0,35.0,6508.0,4740.0,54.0,16.0,1698.0,56.0,6969.0,4888.0,82.0,113.0,1886.0,44.0,6122.0,3646.0,106.0,61.0,2309.0,52.0,5000.0,3689.0,46.0,64.0,1201.0,40.0
"Detroit, MI",7813.0,5193.0,56.0,186.0,2378.0,157.0,7165.0,5193.0,98.0,142.0,1732.0,94.0,8598.0,5666.0,100.0,171.0,2661.0,137.0,7945.0,4698.0,66.0,305.0,2876.0,120.0,6734.0,4541.0,220.0,173.0,1800.0,120.0
"Dothan, AL",423.0,363.0,0.0,4.0,56.0,4.0,488.0,488.0,0.0,0.0,0.0,0.0,494.0,492.0,2.0,0.0,0.0,0.0,498.0,484.0,10.0,4.0,0.0,0.0,458.0,442.0,0.0,16.0,0.0,0.0
"Dover, DE",1340.0,1216.0,42.0,0.0,82.0,13.0,2136.0,1666.0,78.0,7.0,385.0,25.0,1873.0,1676.0,50.0,0.0,147.0,9.0,1056.0,1008.0,24.0,0.0,24.0,1.0,1105.0,879.0,28.0,0.0,198.0,10.0
"Dubuque, IA",262.0,181.0,22.0,0.0,59.0,4.0,277.0,169.0,16.0,0.0,92.0,4.0,537.0,166.0,12.0,3.0,356.0,7.0,163.0,155.0,2.0,6.0,0.0,0.0,195.0,127.0,12.0,0.0,56.0,3.0
"Duluth, MN",1032.0,551.0,6.0,4.0,471.0,8.0,565.0,389.0,16.0,0.0,160.0,5.0,708.0,566.0,2.0,0.0,140.0,7.0,756.0,555.0,14.0,0.0,187.0,3.0,842.0,538.0,28.0,0.0,276.0,4.0
"Durham, NC",5795.0,3561.0,6.0,28.0,2200.0,54.0,5505.0,3528.0,14.0,11.0,1952.0,27.0,5900.0,3735.0,28.0,16.0,2121.0,42.0,6392.0,3170.0,70.0,9.0,3143.0,56.0,7210.0,3127.0,86.0,6.0,3991.0,83.0
"East Stroudsburg, PA",176.0,176.0,0.0,0.0,0.0,0.0,212.0,192.0,0.0,0.0,20.0,1.0,370.0,312.0,0.0,8.0,50.0,3.0,249.0,249.0,0.0,0.0,0.0,0.0,222.0,222.0,0.0,0.0,0.0,0.0
"Eau Claire, WI",745.0,472.0,116.0,0.0,157.0,16.0,992.0,453.0,164.0,16.0,359.0,34.0,1279.0,461.0,200.0,8.0,610.0,32.0,1030.0,391.0,188.0,48.0,403.0,51.0,1501.0,339.0,142.0,8.0,1012.0,33.0
"El Centro, CA",398.0,266.0,0.0,0.0,132.0,11.0,480.0,315.0,0.0,4.0,161.0,10.0,555.0,425.0,2.0,20.0,108.0,11.0,551.0,379.0,4.0,0.0,168.0,12.0,263.0,184.0,10.0,0.0,69.0,9.0
"El Paso, TX",3066.0,2433.0,64.0,228.0,341.0,13.0,2562.0,2330.0,86.0,18.0,128.0,19.0,2989.0,2655.0,116.0,19.0,199.0,20.0,2465.0,2146.0,62.0,30.0,227.0,26.0,2247.0,1967.0,64.0,34.0,182.0,18.0
"Elizabethtown, KY",491.0,425.0,42.0,0.0,24.0,4.0,762.0,496.0,48.0,66.0,152.0,10.0,526.0,468.0,46.0,0.0,12.0,2.0,1171.0,506.0,66.0,15.0,584.0,27.0,1857.0,537.0,122.0,203.0,995.0,38.0
"Elkhart, IN",350.0,339.0,0.0,0.0,11.0,1.0,488.0,373.0,0.0,9.0,106.0,5.0,458.0,389.0,6.0,0.0,63.0,1.0,387.0,327.0,0.0,0.0,60.0,5.0,287.0,279.0,0.0,8.0,0.0,0.0
"Elmira, NY",220.0,24.0,2.0,0.0,194.0,1.0,184.0,28.0,0.0,0.0,156.0,1.0,138.0,22.0,0.0,0.0,116.0,1.0,81.0,30.0,0.0,0.0,51.0,7.0,79.0,25.0,0.0,0.0,54.0,10.0
"Enid, OK",26.0,26.0,0.0,0.0,0.0,0.0,23.0,23.0,0.0,0.0,0.0,0.0,35.0,35.0,0.0,0.0,0.0,0.0,46.0,46.0,0.0,0.0,0.0,0.0,10.0,10.0,0.0,0.0,0.0,0.0
"Erie, PA",161.0,121.0,6.0,0.0,34.0,4.0,201.0,166.0,0.0,8.0,27.0,4.0,217.0,174.0,4.0,4.0,35.0,5.0,238.0,166.0,18.0,0.0,54.0,9.0,224.0,144.0,4.0,0.0,76.0,13.0
"Eugene, OR",1071.0,731.0,16.0,20.0,304.0,34.0,1391.0,761.0,80.0,11.0,539.0,57.0,2136.0,910.0,44.0,26.0,1156.0,40.0,1759.0,865.0,24.0,8.0,862.0,29.0,1239.0,732.0,34.0,0.0,473.0,14.0
"Evansville, IN",930.0,647.0,66.0,0.0,217.0,9.0,1121.0,882.0,52.0,12.0,175.0,8.0,1349.0,1045.0,88.0,16.0,200.0,11.0,1186.0,807.0,132.0,0.0,247.0,15.0,898.0,723.0,80.0,48.0,47.0,4.0
"Fairbanks, AK",22.0,6.0,0.0,16.0,0.0,0.0,19.0,8.0,0.0,11.0,0.0,0.0,36.0,18.0,0.0,18.0,0.0,0.0,27.0,27.0,0.0,0.0,0.0,0.0,49.0,30.0,0.0,0.0,19.0,2.0
"Fargo, ND",1425.0,939.0,0.0,8.0,478.0,5.0,1976.0,1200.0,0.0,8.0,768.0,14.0,2289.0,1229.0,2.0,0.0,1058.0,19.0,2315.0,1124.0,4.0,0.0,1187.0,23.0,2089.0,885.0,0.0,0.0,1204.0,14.0
"Farmington, NM",89.0,74.0,4.0,3.0,8.0,1.0,98.0,90.0,0.0,0.0,8.0,1.0,97.0,97.0,0.0,0.0,0.0,0.0,143.0,138.0,0.0,0.0,5.0,1.0,117.0,117.0,0.0,0.0,0.0,0.0
"Fayetteville, NC",1839.0,1547.0,10.0,0.0,282.0,11.0,1960.0,1879.0,2.0,4.0,75.0,4.0,2307.0,2055.0,0.0,0.0,252.0,12.0,2483.0,2145.0,0.0,0.0,338.0,16.0,2576.0,2542.0,4.0,0.0,30.0,1.0
"Fayetteville, AR",6905.0,4147.0,118.0,98.0,2542.0,100.0,6365.0,4579.0,400.0,69.0,1317.0,93.0,7120.0,5678.0,152.0,135.0,1155.0,66.0,7246.0,5435.0,174.0,174.0,1463.0,88.0,6915.0,5349.0,428.0,83.0,1055.0,66.0
"Flagstaff, AZ",728.0,535.0,10.0,0.0,183.0,5.0,941.0,633.0,0.0,6.0,302.0,6.0,1051.0,596.0,4.0,14.0,437.0,10.0,738.0,407.0,4.0,0.0,327.0,16.0,1123.0,314.0,26.0,111.0,672.0,32.0
"Flint, MI",576.0,441.0,8.0,104.0,23.0,1.0,485.0,393.0,0.0,92.0,0.0,0.0,510.0,489.0,10.0,3.0,8.0,1.0,406.0,324.0,8.0,48.0,26.0,2.0,380.0,236.0,12.0,52.0,80.0,6.0
"Florence, SC",1129.0,686.0,10.0,45.0,388.0,18.0,764.0,521.0,16.0,30.0,197.0,9.0,766.0,738.0,2.0,6.0,20.0,2.0,759.0,697.0,44.0,3.0,15.0,2.0,737.0,710.0,16.0,3.0,8.0,1.0
"Florence, AL",281.0,255.0,6.0,0.0,20.0,2.0,296.0,296.0,0.0,0.0,0.0,0.0,359.0,331.0,0.0,0.0,28.0,4.0,274.0,204.0,44.0,0.0,26.0,4.0,201.0,171.0,10.0,20.0,0.0,0.0
"Fond du Lac, WI",255.0,143.0,0.0,8.0,104.0,8.0,148.0,142.0,6.0,0.0,0.0,0.0,235.0,153.0,4.0,4.0,74.0,5.0,142.0,142.0,0.0,0.0,0.0,0.0,133.0,129.0,4.0,0.0,0.0,0.0
"Fort Collins, CO",2490.0,1580.0,16.0,35.0,859.0,61.0,2565.0,2190.0,10.0,4.0,361.0,29.0,3221.0,2149.0,8.0,0.0,1064.0,44.0,2572.0,1385.0,40.0,41.0,1106.0,55.0,2686.0,1289.0,12.0,27.0,1358.0,64.0
"Fort Smith, AR",609.0,382.0,202.0,17.0,8.0,1.0,655.0,380.0,114.0,43.0,118.0,15.0,662.0,444.0,182.0,20.0,16.0,2.0,732.0,408.0,144.0,58.0,122.0,5.0,683.0,399.0,262.0,22.0,0.0,0.0
"Fort Wayne, IN",1956.0,1330.0,18.0,27.0,581.0,23.0,1786.0,1520.0,140.0,15.0,111.0,12.0,1978.0,1799.0,152.0,11.0,16.0,2.0,2335.0,1453.0,40.0,0.0,842.0,31.0,2436.0,1680.0,44.0,6.0,706.0,35.0
"Fresno, CA",3393.0,2441.0,60.0,213.0,679.0,76.0,3130.0,2663.0,68.0,46.0,353.0,37.0,3902.0,3369.0,18.0,53.0,462.0,42.0,3662.0,2944.0,16.0,52.0,650.0,64.0,3154.0,2376.0,2.0,12.0,764.0,71.0
"Gadsden, AL",71.0,71.0,0.0,0.0,0.0,0.0,113.0,113.0,0.0,0.0,0.0,0.0,188.0,138.0,0.0,4.0,46.0,6.0,157.0,157.0,0.0,0.0,0.0,0.0,106.0,106.0,0.0,0.0,0.0,0.0
"Gainesville, FL",2567.0,1016.0,8.0,0.0,1543.0,23.0,2080.0,1174.0,0.0,0.0,906.0,12.0,2743.0,1652.0,4.0,0.0,1087.0,12.0,3137.0,1345.0,12.0,0.0,1780.0,41.0,1945.0,1247.0,4.0,7.0,687.0,6.0
"Gainesville, GA",1479.0,1072.0,18.0,32.0,357.0,23.0,1706.0,1270.0,8.0,21.0,407.0,22.0,2249.0,1402.0,4.0,78.0,765.0,52.0,2067.0,1196.0,2.0,44.0,825.0,28.0,1319.0,1214.0,4.0,31.0,70.0,10.0
"Gettysburg, PA",220.0,220.0,0.0,0.0,0.0,0.0,226.0,226.0,0.0,0.0,0.0,0.0,438.0,438.0,0.0,0.0,0.0,0.0,394.0,394.0,0.0,0.0,0.0,0.0,338.0,338.0,0.0,0.0,0.0,0.0
"Glens Falls, NY",241.0,229.0,0.0,6.0,6.0,1.0,306.0,234.0,0.0,0.0,72.0,1.0,384.0,256.0,0.0,0.0,128.0,11.0,292.0,232.0,16.0,22.0,22.0,4.0,238.0,226.0,2.0,4.0,6.0,1.0
"Goldsboro, NC",323.0,315.0,8.0,0.0,0.0,0.0,414.0,414.0,0.0,0.0,0.0,0.0,482.0,474.0,8.0,0.0,0.0,0.0,418.0,344.0,2.0,0.0,72.0,3.0,538.0,538.0,0.0,0.0,0.0,0.0
"Grand Forks, ND",195.0,140.0,10.0,0.0,45.0,3.0,488.0,207.0,0.0,4.0,277.0,6.0,227.0,218.0,2.0,7.0,0.0,0.0,165.0,165.0,0.0,0.0,0.0,0.0,165.0,159.0,6.0,0.0,0.0,0.0
"Grand Island, NE",177.0,143.0,8.0,0.0,26.0,3.0,271.0,141.0,64.0,11.0,55.0,6.0,305.0,159.0,14.0,8.0,124.0,13.0,234.0,179.0,32.0,23.0,0.0,0.0,399.0,146.0,92.0,35.0,126.0,13.0
"Grand Junction, CO",818.0,678.0,14.0,0.0,126.0,4.0,1004.0,778.0,18.0,0.0,208.0,8.0,1231.0,909.0,10.0,15.0,297.0,14.0,969.0,668.0,8.0,0.0,293.0,11.0,1246.0,527.0,8.0,4.0,707.0,25.0
"Grand Rapids, MI",4155.0,2531.0,62.0,125.0,1437.0,71.0,3436.0,2510.0,46.0,58.0,822.0,40.0,3705.0,2811.0,134.0,86.0,674.0,34.0,4198.0,2488.0,176.0,93.0,1441.0,83.0,3603.0,2405.0,86.0,161.0,951.0,46.0
"Grants Pass, OR",231.0,197.0,34.0,0.0,0.0,0.0,316.0,266.0,50.0,0.0,0.0,0.0,333.0,265.0,56.0,12.0,0.0,0.0,338.0,246.0,36.0,0.0,56.0,5.0,209.0,172.0,10.0,11.0,16.0,2.0
"Great Falls, MT",134.0,122.0,0.0,0.0,12.0,1.0,151.0,135.0,4.0,0.0,12.0,1.0,272.0,200.0,24.0,0.0,48.0,4.0,543.0,198.0,8.0,0.0,337.0,7.0,151.0,143.0,8.0,0.0,0.0,0.0
"Greeley, CO",4387.0,3335.0,0.0,44.0,1008.0,53.0,4185.0,3334.0,30.0,73.0,748.0,43.0,5268.0,3814.0,174.0,230.0,1050.0,63.0,6166.0,3229.0,208.0,105.0,2624.0,120.0,3627.0,2447.0,68.0,104.0,1008.0,65.0
"Green Bay, WI",1130.0,723.0,24.0,0.0,383.0,28.0,1433.0,832.0,42.0,0.0,559.0,39.0,1408.0,830.0,40.0,0.0,538.0,47.0,1249.0,627.0,204.0,0.0,418.0,25.0,993.0,578.0,218.0,4.0,193.0,14.0
"Greensboro, NC",2423.0,2002.0,12.0,0.0,409.0,20.0,3147.0,2237.0,8.0,0.0,902.0,27.0,3964.0,2593.0,36.0,0.0,1335.0,47.0,2993.0,2161.0,18.0,0.0,814.0,37.0,3507.0,2368.0,40.0,0.0,1099.0,35.0
"Greenville, NC",1030.0,625.0,88.0,0.0,317.0,9.0,719.0,687.0,32.0,0.0,0.0,0.0,1275.0,805.0,24.0,0.0,446.0,18.0,928.0,688.0,48.0,0.0,192.0,8.0,1374.0,950.0,40.0,0.0,384.0,14.0
"Greenville, SC",6563.0,5385.0,88.0,0.0,1090.0,60.0,8734.0,6511.0,156.0,11.0,2056.0,99.0,10604.0,8896.0,192.0,12.0,1504.0,56.0,8244.0,6477.0,126.0,226.0,1415.0,108.0,7684.0,6685.0,396.0,140.0,463.0,27.0
"Gulfport, MS",2256.0,2102.0,18.0,30.0,106.0,13.0,3021.0,2604.0,22.0,44.0,351.0,23.0,2769.0,2432.0,12.0,48.0,277.0,29.0,2903.0,2695.0,12.0,8.0,188.0,17.0,3049.0,2942.0,14.0,3.0,90.0,7.0
"Hagerstown, MD",1565.0,1383.0,22.0,128.0,32.0,2.0,1742.0,1558.0,16.0,0.0,168.0,8.0,1768.0,1726.0,24.0,0.0,18.0,2.0,2148.0,1854.0,26.0,0.0,268.0,12.0,1754.0,1738.0,16.0,0.0,0.0,0.0
"Hammond, LA",988.0,869.0,4.0,0.0,115.0,2.0,1577.0,1116.0,18.0,0.0,443.0,18.0,1508.0,943.0,8.0,0.0,557.0,1.0,1458.0,869.0,8.0,0.0,581.0,20.0,1213.0,726.0,4.0,0.0,483.0,13.0
"Hanford, CA",409.0,382.0,2.0,0.0,25.0,3.0,306.0,302.0,4.0,0.0,0.0,0.0,508.0,484.0,0.0,0.0,24.0,2.0,436.0,414.0,4.0,18.0,0.0,0.0,747.0,573.0,10.0,24.0,140.0,12.0
"Harrisburg, PA",2018.0,1154.0,22.0,104.0,738.0,51.0,1460.0,1160.0,28.0,60.0,212.0,19.0,1542.0,1283.0,26.0,44.0,189.0,15.0,2711.0,1820.0,2.0,17.0,872.0,27.0,1864.0,1213.0,20.0,50.0,581.0,37.0
"Harrisonburg, VA",361.0,361.0,0.0,0.0,0.0,0.0,596.0,575.0,0.0,0.0,21.0,2.0,655.0,628.0,6.0,0.0,21.0,2.0,710.0,649.0,14.0,8.0,39.0,7.0,595.0,500.0,62.0,4.0,29.0,5.0
"Hartford, CT",1263.0,823.0,40.0,44.0,356.0,54.0,1399.0,801.0,30.0,35.0,533.0,45.0,1508.0,962.0,40.0,31.0,475.0,54.0,1945.0,634.0,116.0,12.0,1183.0,47.0,2114.0,670.0,20.0,39.0,1385.0,63.0
"Hattiesburg, MS",138.0,90.0,8.0,40.0,0.0,0.0,144.0,131.0,8.0,0.0,5.0,1.0,153.0,133.0,2.0,18.0,0.0,0.0,154.0,135.0,0.0,19.0,0.0,0.0,169.0,131.0,2.0,0.0,36.0,3.0
"Hickory, NC",1308.0,697.0,34.0,0.0,577.0,30.0,1567.0,965.0,24.0,0.0,578.0,31.0,1880.0,1302.0,24.0,52.0,502.0,46.0,2637.0,1799.0,28.0,0.0,810.0,68.0,2379.0,1908.0,64.0,8.0,399.0,28.0
"Hilton Head Island, SC",2886.0,2346.0,12.0,0.0,528.0,20.0,2977.0,2975.0,2.0,0.0,0.0,0.0,3698.0,2693.0,0.0,3.0,1002.0,35.0,2951.0,2639.0,8.0,50.0,254.0,13.0,2954.0,2642.0,0.0,38.0,274.0,13.0
"Hinesville, GA",959.0,491.0,4.0,0.0,464.0,20.0,721.0,721.0,0.0,0.0,0.0,0.0,837.0,837.0,0.0,0.0,0.0,0.0,844.0,768.0,4.0,0.0,72.0,1.0,711.0,707.0,4.0,0.0,0.0,0.0
"Homosassa Springs, FL",865.0,709.0,10.0,0.0,146.0,8.0,927.0,878.0,14.0,0.0,35.0,7.0,1983.0,1971.0,12.0,0.0,0.0,0.0,1628.0,1620.0,8.0,0.0,0.0,0.0,2202.0,2196.0,2.0,4.0,0.0,0.0
"Hot Springs, AR",118.0,48.0,10.0,0.0,60.0,5.0,88.0,79.0,2.0,0.0,7.0,1.0,330.0,78.0,0.0,0.0,252.0,1.0,99.0,67.0,32.0,0.0,0.0,0.0,84.0,78.0,6.0,0.0,0.0,0.0
"Houma, LA",521.0,494.0,18.0,9.0,0.0,0.0,547.0,515.0,26.0,6.0,0.0,0.0,587.0,538.0,40.0,9.0,0.0,0.0,872.0,762.0,52.0,6.0,52.0,10.0,617.0,591.0,10.0,3.0,13.0,1.0
"Houston, TX",63672.0,39507.0,302.0,55.0,23808.0,595.0,70540.0,49915.0,306.0,35.0,20284.0,601.0,69263.0,52719.0,782.0,114.0,15648.0,499.0,75633.0,47606.0,880.0,23.0,27124.0,887.0,68755.0,50444.0,1786.0,34.0,16491.0,527.0
"Huntington, WV",253.0,190.0,12.0,4.0,47.0,1.0,254.0,233.0,6.0,3.0,12.0,1.0,305.0,297.0,4.0,4.0,0.0,0.0,255.0,241.0,8.0,6.0,0.0,0.0,290.0,228.0,12.0,28.0,22.0,3.0
"Huntsville, AL",3566.0,3399.0,2.0,80.0,85.0,17.0,4341.0,4210.0,26.0,15.0,90.0,7.0,6172.0,4230.0,6.0,26.0,1910.0,88.0,4035.0,3617.0,2.0,4.0,412.0,25.0,5940.0,3908.0,90.0,4.0,1938.0,40.0
"Idaho Falls, ID",1096.0,1038.0,0.0,52.0,6.0,1.0,1173.0,1137.0,4.0,32.0,0.0,0.0,1478.0,1430.0,4.0,44.0,0.0,0.0,1380.0,1184.0,4.0,120.0,72.0,5.0,1808.0,857.0,4.0,156.0,791.0,20.0
"Indianapolis, IN",9721.0,7120.0,122.0,80.0,2399.0,89.0,10998.0,8405.0,206.0,148.0,2239.0,98.0,13451.0,10159.0,334.0,78.0,2880.0,92.0,13533.0,8620.0,164.0,78.0,4671.0,127.0,12554.0,7252.0,202.0,140.0,4960.0,160.0
"Iowa City, IA",1152.0,455.0,12.0,115.0,570.0,18.0,1019.0,537.0,16.0,63.0,403.0,10.0,1167.0,661.0,22.0,33.0,451.0,13.0,1429.0,492.0,92.0,62.0,783.0,15.0,1266.0,506.0,58.0,15.0,687.0,15.0
"Ithaca, NY",823.0,87.0,30.0,0.0,706.0,17.0,329.0,76.0,8.0,0.0,245.0,4.0,644.0,107.0,24.0,0.0,513.0,10.0,239.0,173.0,8.0,4.0,54.0,2.0,343.0,146.0,8.0,6.0,183.0,12.0
"Jackson, MI",386.0,135.0,2.0,0.0,249.0,6.0,159.0,157.0,2.0,0.0,0.0,0.0,176.0,176.0,0.0,0.0,0.0,0.0,141.0,141.0,0.0,0.0,0.0,0.0,155.0,153.0,2.0,0.0,0.0,0.0
"Jackson, MS",1371.0,1047.0,0.0,4.0,320.0,11.0,1178.0,1169.0,2.0,7.0,0.0,0.0,1416.0,1414.0,2.0,0.0,0.0,0.0,1234.0,1221.0,6.0,7.0,0.0,0.0,1201.0,1132.0,0.0,7.0,62.0,8.0
"Jackson, TN",450.0,446.0,4.0,0.0,0.0,0.0,475.0,475.0,0.0,0.0,0.0,0.0,537.0,537.0,0.0,0.0,0.0,0.0,456.0,454.0,2.0,0.0,0.0,0.0,434.0,428.0,6.0,0.0,0.0,0.0
"Jacksonville, FL",14687.0,11583.0,40.0,71.0,2993.0,57.0,17246.0,13210.0,68.0,40.0,3928.0,112.0,22738.0,16536.0,108.0,221.0,5873.0,158.0,23163.0,14410.0,86.0,59.0,8608.0,191.0,20326.0,12479.0,298.0,135.0,7414.0,190.0
"Jacksonville, NC",1331.0,1303.0,16.0,12.0,0.0,0.0,1435.0,1351.0,0.0,4.0,80.0,5.0,1597.0,1555.0,12.0,6.0,24.0,4.0,1322.0,1212.0,32.0,6.0,72.0,3.0,1419.0,1107.0,72.0,0.0,240.0,10.0
"Janesville, WI",644.0,321.0,40.0,0.0,283.0,9.0,671.0,351.0,48.0,0.0,272.0,4.0,617.0,361.0,72.0,8.0,176.0,4.0,396.0,286.0,34.0,0.0,76.0,1.0,313.0,223.0,58.0,0.0,32.0,4.0
"Jefferson City, MO",270.0,251.0,8.0,11.0,0.0,0.0,253.0,243.0,2.0,8.0,0.0,0.0,246.0,238.0,0.0,8.0,0.0,0.0,179.0,163.0,8.0,8.0,0.0,0.0,192.0,174.0,10.0,8.0,0.0,0.0
"Johnson City, TN",718.0,561.0,10.0,0.0,147.0,15.0,1051.0,699.0,6.0,3.0,343.0,25.0,819.0,766.0,14.0,0.0,39.0,6.0,1024.0,802.0,10.0,15.0,197.0,27.0,1044.0,765.0,52.0,13.0,214.0,11.0
"Johnstown, PA",54.0,54.0,0.0,0.0,0.0,0.0,59.0,56.0,0.0,3.0,0.0,0.0,62.0,62.0,0.0,0.0,0.0,0.0,94.0,94.0,0.0,0.0,0.0,0.0,47.0,44.0,0.0,3.0,0.0,0.0
"Jonesboro, AR",889.0,593.0,68.0,147.0,81.0,13.0,1058.0,695.0,82.0,193.0,88.0,15.0,1147.0,785.0,82.0,184.0,96.0,16.0,1149.0,681.0,126.0,213.0,129.0,22.0,1027.0,615.0,110.0,199.0,103.0,16.0
"Joplin, MO",704.0,514.0,30.0,56.0,104.0,4.0,973.0,603.0,88.0,11.0,271.0,12.0,991.0,665.0,26.0,11.0,289.0,16.0,1197.0,589.0,104.0,10.0,494.0,29.0,797.0,529.0,94.0,52.0,122.0,14.0
"Kahului, HI",657.0,513.0,12.0,68.0,64.0,2.0,526.0,306.0,16.0,32.0,172.0,2.0,880.0,396.0,18.0,13.0,453.0,64.0,684.0,284.0,62.0,0.0,338.0,11.0,606.0,469.0,4.0,0.0,133.0,9.0
"Kalamazoo, MI",642.0,460.0,24.0,14.0,144.0,8.0,496.0,444.0,22.0,30.0,0.0,0.0,419.0,402.0,10.0,7.0,0.0,0.0,457.0,341.0,22.0,54.0,40.0,7.0,718.0,409.0,2.0,7.0,300.0,6.0
"Kankakee, IL",85.0,85.0,0.0,0.0,0.0,0.0,93.0,91.0,2.0,0.0,0.0,0.0,140.0,140.0,0.0,0.0,0.0,0.0,116.0,103.0,2.0,11.0,0.0,0.0,86.0,72.0,0.0,7.0,7.0,1.0
"Kansas City, MO",9347.0,4811.0,346.0,259.0,3931.0,95.0,10728.0,6173.0,304.0,326.0,3925.0,135.0,11254.0,7051.0,332.0,376.0,3495.0,99.0,11213.0,5198.0,258.0,367.0,5390.0,128.0,7514.0,4299.0,278.0,204.0,2733.0,60.0
"Kennewick, WA",2141.0,1656.0,58.0,28.0,399.0,16.0,1965.0,1745.0,26.0,4.0,190.0,9.0,2149.0,1915.0,44.0,79.0,111.0,4.0,1886.0,1232.0,36.0,133.0,485.0,18.0,2059.0,1090.0,16.0,108.0,845.0,29.0
"Killeen, TX",2579.0,2317.0,262.0,0.0,0.0,0.0,3629.0,2923.0,486.0,68.0,152.0,8.0,4312.0,2576.0,566.0,0.0,1170.0,59.0,4016.0,2677.0,502.0,0.0,837.0,57.0,3580.0,2541.0,558.0,0.0,481.0,26.0
"Kingsport, TN",597.0,453.0,16.0,4.0,124.0,8.0,734.0,565.0,6.0,10.0,153.0,10.0,679.0,663.0,4.0,7.0,5.0,1.0,939.0,815.0,24.0,40.0,60.0,6.0,798.0,748.0,4.0,6.0,40.0,8.0
"Kingston, NY",389.0,188.0,10.0,0.0,191.0,26.0,265.0,217.0,8.0,3.0,37.0,1.0,342.0,312.0,12.0,0.0,18.0,3.0,446.0,280.0,6.0,0.0,160.0,16.0,344.0,248.0,4.0,4.0,88.0,5.0
"Knoxville, TN",3947.0,2985.0,4.0,4.0,954.0,22.0,5396.0,3887.0,42.0,94.0,1373.0,52.0,5990.0,4685.0,10.0,15.0,1280.0,63.0,4838.0,3809.0,32.0,10.0,987.0,50.0,6401.0,4218.0,92.0,132.0,1959.0,67.0
"Kokomo, IN",239.0,87.0,0.0,0.0,152.0,6.0,162.0,132.0,14.0,0.0,16.0,1.0,190.0,188.0,2.0,0.0,0.0,0.0,164.0,116.0,0.0,0.0,48.0,2.0,138.0,114.0,24.0,0.0,0.0,0.0
"La Crosse, WI",541.0,225.0,50.0,15.0,251.0,11.0,379.0,241.0,38.0,12.0,88.0,4.0,694.0,242.0,80.0,7.0,365.0,12.0,401.0,212.0,48.0,12.0,129.0,3.0,472.0,205.0,72.0,0.0,195.0,8.0
"Lafayette, LA",1666.0,1632.0,4.0,0.0,30.0,2.0,2550.0,2526.0,0.0,11.0,13.0,2.0,3044.0,3040.0,0.0,4.0,0.0,0.0,2071.0,2051.0,0.0,0.0,20.0,2.0,2386.0,2008.0,0.0,0.0,378.0,28.0
"Lafayette, IN",1350.0,502.0,12.0,0.0,836.0,34.0,1397.0,481.0,0.0,0.0,916.0,32.0,1212.0,580.0,2.0,4.0,626.0,24.0,1538.0,510.0,2.0,3.0,1023.0,24.0,2093.0,506.0,2.0,0.0,1585.0,30.0
"Lake Charles, LA",1386.0,1047.0,96.0,23.0,220.0,7.0,1230.0,1090.0,68.0,0.0,72.0,3.0,1064.0,1024.0,40.0,0.0,0.0,0.0,1122.0,862.0,28.0,0.0,232.0,12.0,1032.0,576.0,24.0,0.0,432.0,11.0
"Lake Havasu City, AZ",1111.0,1049.0,62.0,0.0,0.0,0.0,1403.0,1288.0,80.0,35.0,0.0,0.0,1637.0,1541.0,70.0,16.0,10.0,2.0,2079.0,1962.0,82.0,35.0,0.0,0.0,2241.0,2086.0,42.0,27.0,86.0,7.0
"Lakeland, FL",8726.0,6435.0,32.0,24.0,2235.0,108.0,9492.0,7395.0,28.0,103.0,1966.0,66.0,13071.0,10591.0,44.0,19.0,2417.0,81.0,12211.0,9158.0,72.0,3.0,2978.0,103.0,12513.0,9209.0,124.0,11.0,3169.0,146.0
"Lancaster, PA",1496.0,985.0,32.0,26.0,453.0,18.0,1338.0,795.0,30.0,57.0,456.0,24.0,1039.0,737.0,34.0,55.0,213.0,15.0,1429.0,945.0,42.0,34.0,408.0,34.0,1859.0,1229.0,14.0,7.0,609.0,21.0
"Lansing, MI",1026.0,613.0,16.0,8.0,389.0,11.0,1100.0,549.0,48.0,31.0,472.0,15.0,1016.0,605.0,20.0,10.0,381.0,5.0,973.0,475.0,10.0,24.0,464.0,19.0,949.0,493.0,30.0,16.0,410.0,20.0
"Laredo, TX",1602.0,1302.0,126.0,32.0,142.0,22.0,1447.0,1274.0,8.0,24.0,141.0,15.0,1684.0,1462.0,42.0,28.0,152.0,14.0,1272.0,1170.0,16.0,86.0,0.0,0.0,1542.0,1099.0,10.0,27.0,406.0,37.0
"Las Cruces, NM",978.0,876.0,6.0,0.0,96.0,4.0,1109.0,1033.0,4.0,8.0,64.0,7.0,1338.0,1239.0,4.0,0.0,95.0,12.0,1105.0,1079.0,6.0,20.0,0.0,0.0,861.0,837.0,12.0,12.0,0.0,0.0
"Las Vegas, NV",13903.0,10042.0,4.0,177.0,3680.0,133.0,14100.0,10038.0,538.0,584.0,2940.0,168.0,16307.0,12156.0,138.0,594.0,3419.0,187.0,13066.0,9199.0,104.0,182.0,3581.0,175.0,13073.0,10087.0,40.0,210.0,2736.0,94.0
"Lawrence, KS",455.0,256.0,0.0,14.0,185.0,6.0,414.0,287.0,28.0,0.0,99.0,8.0,518.0,262.0,2.0,6.0,248.0,12.0,401.0,189.0,6.0,0.0,206.0,12.0,223.0,191.0,16.0,4.0,12.0,1.0
"Lawton, OK",67.0,67.0,0.0,0.0,0.0,0.0,103.0,99.0,4.0,0.0,0.0,0.0,117.0,117.0,0.0,0.0,0.0,0.0,79.0,79.0,0.0,0.0,0.0,0.0,153.0,121.0,32.0,0.0,0.0,0.0
"Lebanon, PA",322.0,322.0,0.0,0.0,0.0,0.0,434.0,262.0,0.0,0.0,172.0,9.0,507.0,332.0,4.0,0.0,171.0,4.0,364.0,225.0,0.0,0.0,139.0,3.0,259.0,216.0,4.0,0.0,39.0,2.0
"Lewiston, ID",181.0,99.0,14.0,19.0,49.0,3.0,260.0,186.0,2.0,0.0,72.0,2.0,127.0,113.0,14.0,0.0,0.0,0.0,134.0,124.0,10.0,0.0,0.0,0.0,138.0,128.0,10.0,0.0,0.0,0.0
"Lewiston, ME",228.0,156.0,4.0,0.0,68.0,2.0,275.0,179.0,12.0,0.0,84.0,7.0,221.0,178.0,8.0,0.0,35.0,1.0,484.0,238.0,4.0,0.0,242.0,10.0,347.0,250.0,16.0,0.0,81.0,7.0
"Lexington, KY",2246.0,1308.0,10.0,19.0,909.0,20.0,2330.0,1451.0,32.0,75.0,772.0,23.0,2943.0,1760.0,10.0,34.0,1139.0,47.0,2709.0,1460.0,34.0,60.0,1155.0,41.0,2442.0,1319.0,20.0,50.0,1053.0,42.0
"Lima, OH",191.0,86.0,2.0,15.0,88.0,1.0,175.0,125.0,2.0,15.0,33.0,1.0,226.0,121.0,2.0,9.0,94.0,9.0,109.0,106.0,0.0,3.0,0.0,0.0,77.0,71.0,6.0,0.0,0.0,0.0
"Lincoln, NE",2098.0,1088.0,28.0,0.0,982.0,23.0,2038.0,1230.0,34.0,3.0,771.0,19.0,2607.0,1378.0,26.0,0.0,1203.0,40.0,3349.0,1132.0,30.0,11.0,2176.0,64.0,2137.0,849.0,6.0,23.0,1259.0,45.0
"Little Rock, AR",3005.0,1921.0,30.0,24.0,1030.0,26.0,3081.0,2188.0,62.0,105.0,726.0,42.0,3635.0,2505.0,136.0,161.0,833.0,33.0,3338.0,1863.0,56.0,3.0,1416.0,35.0,2664.0,1932.0,94.0,53.0,585.0,38.0
"Logan, UT",1679.0,1064.0,10.0,59.0,546.0,34.0,1701.0,1078.0,6.0,31.0,586.0,30.0,1309.0,1070.0,0.0,39.0,200.0,24.0,1108.0,787.0,4.0,4.0,313.0,26.0,1040.0,693.0,4.0,4.0,339.0,16.0
"Longview, TX",276.0,254.0,6.0,4.0,12.0,2.0,387.0,363.0,24.0,0.0,0.0,0.0,579.0,395.0,32.0,0.0,152.0,3.0,745.0,351.0,50.0,52.0,292.0,19.0,364.0,329.0,12.0,7.0,16.0,2.0
"Longview, WA",351.0,309.0,2.0,10.0,30.0,1.0,346.0,331.0,4.0,11.0,0.0,0.0,348.0,286.0,4.0,4.0,54.0,4.0,585.0,311.0,8.0,68.0,198.0,15.0,308.0,288.0,16.0,4.0,0.0,0.0
"Los Angeles, CA",30554.0,9306.0,1694.0,358.0,19196.0,516.0,26930.0,9737.0,1266.0,406.0,15521.0,409.0,31151.0,11090.0,1284.0,510.0,18267.0,546.0,32873.0,11199.0,1626.0,414.0,19634.0,527.0,30767.0,12035.0,1492.0,586.0,16654.0,483.0
"Louisville, KY",5766.0,3122.0,30.0,40.0,2574.0,105.0,4551.0,3667.0,52.0,32.0,800.0,33.0,5508.0,4136.0,56.0,14.0,1302.0,52.0,5376.0,3345.0,60.0,20.0,1951.0,58.0,6731.0,2914.0,98.0,47.0,3672.0,127.0
"Lubbock, TX",2254.0,1509.0,156.0,0.0,589.0,63.0,3857.0,2023.0,254.0,4.0,1576.0,138.0,3404.0,2725.0,438.0,0.0,241.0,22.0,3279.0,2325.0,246.0,28.0,680.0,55.0,2514.0,1952.0,26.0,0.0,536.0,49.0
"Lynchburg, VA",582.0,260.0,6.0,13.0,303.0,14.0,920.0,587.0,8.0,8.0,317.0,18.0,692.0,543.0,2.0,9.0,138.0,11.0,805.0,499.0,4.0,16.0,286.0,21.0,1092.0,972.0,12.0,0.0,108.0,2.0
"Macon, GA",420.0,412.0,0.0,8.0,0.0,0.0,522.0,508.0,0.0,0.0,14.0,2.0,563.0,563.0,0.0,0.0,0.0,0.0,622.0,622.0,0.0,0.0,0.0,0.0,567.0,547.0,0.0,0.0,20.0,4.0
"Madera, CA",644.0,644.0,0.0,0.0,0.0,0.0,852.0,732.0,0.0,0.0,120.0,7.0,1066.0,1066.0,0.0,0.0,0.0,0.0,966.0,880.0,6.0,16.0,64.0,4.0,1109.0,1109.0,0.0,0.0,0.0,0.0
"Madison, WI",3343.0,1536.0,110.0,28.0,1669.0,42.0,5268.0,1723.0,154.0,31.0,3360.0,66.0,7194.0,1737.0,198.0,24.0,5235.0,107.0,5579.0,1530.0,158.0,55.0,3836.0,63.0,5361.0,1534.0,204.0,95.0,3528.0,69.0
"Manchester, NH",1252.0,691.0,60.0,15.0,486.0,18.0,868.0,666.0,58.0,3.0,141.0,4.0,1342.0,683.0,60.0,30.0,569.0,9.0,844.0,620.0,30.0,20.0,174.0,4.0,1382.0,532.0,44.0,20.0,786.0,13.0
"Manhattan, KS",336.0,262.0,4.0,3.0,67.0,2.0,405.0,236.0,40.0,7.0,122.0,3.0,278.0,266.0,8.0,4.0,0.0,0.0,301.0,242.0,6.0,4.0,49.0,2.0,257.0,215.0,10.0,0.0,32.0,1.0
"Mankato, MN",237.0,172.0,4.0,16.0,45.0,1.0,450.0,259.0,6.0,23.0,162.0,3.0,480.0,252.0,22.0,19.0,187.0,11.0,609.0,177.0,50.0,15.0,367.0,11.0,561.0,156.0,2.0,0.0,403.0,13.0
"Mansfield, OH",61.0,57.0,0.0,4.0,0.0,0.0,205.0,109.0,22.0,35.0,39.0,7.0,115.0,107.0,8.0,0.0,0.0,0.0,247.0,115.0,12.0,57.0,63.0,5.0,132.0,110.0,10.0,12.0,0.0,0.0
"McAllen, TX",5370.0,3526.0,312.0,619.0,913.0,37.0,4894.0,3491.0,156.0,775.0,472.0,32.0,6055.0,4844.0,320.0,672.0,219.0,19.0,5951.0,3874.0,384.0,1170.0,523.0,41.0,6899.0,4143.0,470.0,1659.0,627.0,96.0
"Medford, OR",921.0,656.0,24.0,26.0,215.0,16.0,886.0,677.0,6.0,28.0,175.0,16.0,1142.0,777.0,20.0,46.0,299.0,16.0,1080.0,761.0,24.0,34.0,261.0,14.0,1384.0,653.0,14.0,49.0,668.0,59.0
"Memphis, TN",3674.0,3319.0,0.0,12.0,343.0,8.0,4797.0,3887.0,24.0,14.0,872.0,29.0,5205.0,4284.0,2.0,24.0,895.0,14.0,4301.0,3485.0,2.0,0.0,814.0,13.0,4058.0,3062.0,4.0,12.0,980.0,23.0
"Merced, CA",948.0,948.0,0.0,0.0,0.0,0.0,1019.0,998.0,0.0,0.0,21.0,4.0,1017.0,1017.0,0.0,0.0,0.0,0.0,730.0,373.0,2.0,3.0,352.0,14.0,406.0,403.0,0.0,3.0,0.0,0.0
"Miami, FL",20688.0,7241.0,390.0,93.0,12964.0,272.0,21758.0,7808.0,334.0,369.0,13247.0,344.0,25313.0,8316.0,266.0,182.0,16549.0,280.0,19721.0,6971.0,290.0,133.0,12327.0,294.0,21320.0,5512.0,410.0,171.0,15227.0,395.0
"Michigan City, IN",115.0,113.0,2.0,0.0,0.0,0.0,120.0,118.0,2.0,0.0,0.0,0.0,138.0,136.0,2.0,0.0,0.0,0.0,322.0,124.0,0.0,3.0,195.0,4.0,233.0,161.0,0.0,0.0,72.0,6.0
"Midland, MI",114.0,108.0,6.0,0.0,0.0,0.0,123.0,123.0,0.0,0.0,0.0,0.0,159.0,141.0,18.0,0.0,0.0,0.0,130.0,108.0,22.0,0.0,0.0,0.0,156.0,102.0,4.0,0.0,50.0,3.0
"Midland, TX",1306.0,1306.0,0.0,0.0,0.0,0.0,1292.0,1292.0,0.0,0.0,0.0,0.0,872.0,872.0,0.0,0.0,0.0,0.0,594.0,594.0,0.0,0.0,0.0,0.0,818.0,810.0,0.0,8.0,0.0,0.0
"Milwaukee, WI",2419.0,1494.0,206.0,19.0,700.0,26.0,2698.0,1571.0,314.0,24.0,789.0,46.0,2929.0,1779.0,332.0,31.0,787.0,29.0,3172.0,1563.0,352.0,8.0,1249.0,48.0,2844.0,1408.0,270.0,12.0,1154.0,44.0
"Minneapolis, MN",22414.0,9610.0,134.0,103.0,12567.0,144.0,22341.0,10277.0,150.0,136.0,11778.0,174.0,26077.0,11734.0,228.0,223.0,13892.0,221.0,23725.0,9114.0,192.0,194.0,14225.0,227.0,18633.0,8245.0,172.0,176.0,10040.0,186.0
"Missoula, MT",664.0,422.0,22.0,30.0,190.0,14.0,789.0,421.0,14.0,3.0,351.0,14.0,1798.0,436.0,32.0,14.0,1316.0,43.0,1078.0,347.0,20.0,15.0,696.0,49.0,656.0,309.0,16.0,8.0,323.0,14.0
"Mobile, AL",746.0,743.0,0.0,3.0,0.0,0.0,937.0,937.0,0.0,0.0,0.0,0.0,1022.0,970.0,0.0,0.0,52.0,2.0,750.0,738.0,0.0,12.0,0.0,0.0,917.0,851.0,2.0,8.0,56.0,2.0
"Modesto, CA",699.0,611.0,4.0,3.0,81.0,7.0,552.0,512.0,0.0,4.0,36.0,2.0,811.0,667.0,4.0,0.0,140.0,9.0,674.0,636.0,6.0,3.0,29.0,4.0,810.0,716.0,4.0,6.0,84.0,7.0
"Monroe, LA",516.0,353.0,14.0,39.0,110.0,22.0,466.0,358.0,16.0,35.0,57.0,11.0,620.0,436.0,14.0,43.0,127.0,20.0,489.0,340.0,94.0,24.0,31.0,3.0,417.0,294.0,42.0,3.0,78.0,5.0
"Monroe, MI",323.0,303.0,0.0,4.0,16.0,2.0,367.0,283.0,0.0,0.0,84.0,3.0,265.0,221.0,0.0,8.0,36.0,3.0,266.0,203.0,0.0,4.0,59.0,10.0,258.0,180.0,10.0,16.0,52.0,10.0
"Montgomery, AL",775.0,769.0,0.0,6.0,0.0,0.0,979.0,966.0,4.0,4.0,5.0,1.0,1014.0,993.0,2.0,19.0,0.0,0.0,797.0,793.0,0.0,4.0,0.0,0.0,844.0,740.0,0.0,0.0,104.0,3.0
"Morgantown, WV",34.0,26.0,0.0,0.0,8.0,1.0,25.0,25.0,0.0,0.0,0.0,0.0,21.0,21.0,0.0,0.0,0.0,0.0,11.0,11.0,0.0,0.0,0.0,0.0,17.0,17.0,0.0,0.0,0.0,0.0
"Morristown, TN",454.0,450.0,4.0,0.0,0.0,0.0,548.0,472.0,8.0,0.0,68.0,5.0,993.0,909.0,0.0,12.0,72.0,8.0,969.0,868.0,30.0,71.0,0.0,0.0,832.0,685.0,12.0,103.0,32.0,1.0
"Mount Vernon, WA",518.0,436.0,10.0,0.0,72.0,1.0,561.0,300.0,10.0,18.0,233.0,6.0,914.0,332.0,10.0,38.0,534.0,15.0,579.0,261.0,16.0,35.0,267.0,13.0,486.0,165.0,10.0,7.0,304.0,17.0
"Muncie, IN",58.0,58.0,0.0,0.0,0.0,0.0,171.0,116.0,0.0,0.0,55.0,1.0,113.0,100.0,0.0,0.0,13.0,2.0,201.0,201.0,0.0,0.0,0.0,0.0,82.0,82.0,0.0,0.0,0.0,0.0
"Muskegon, MI",339.0,339.0,0.0,0.0,0.0,0.0,268.0,266.0,2.0,0.0,0.0,0.0,328.0,302.0,26.0,0.0,0.0,0.0,548.0,321.0,10.0,0.0,217.0,9.0,312.0,308.0,4.0,0.0,0.0,0.0
"Myrtle Beach, SC",7840.0,6989.0,68.0,10.0,773.0,37.0,9139.0,8185.0,112.0,4.0,838.0,37.0,12219.0,11054.0,236.0,27.0,902.0,44.0,12000.0,11519.0,50.0,20.0,411.0,27.0,13176.0,11228.0,78.0,81.0,1789.0,88.0
"Napa, CA",749.0,135.0,2.0,4.0,608.0,1.0,770.0,137.0,2.0,4.0,627.0,1.0,1204.0,161.0,0.0,4.0,1039.0,9.0,1100.0,220.0,2.0,6.0,872.0,13.0,331.0,281.0,0.0,0.0,50.0,3.0
"Naples, FL",3991.0,3300.0,6.0,108.0,577.0,44.0,4473.0,3256.0,2.0,137.0,1078.0,50.0,6766.0,4380.0,14.0,169.0,2203.0,73.0,5517.0,3519.0,28.0,171.0,1799.0,63.0,3618.0,2923.0,30.0,76.0,589.0,30.0
"Nashville, TN",22702.0,14460.0,46.0,61.0,8135.0,179.0,27158.0,15549.0,118.0,235.0,11256.0,225.0,32191.0,17422.0,116.0,175.0,14478.0,308.0,28314.0,15383.0,164.0,173.0,12594.0,1136.0,23558.0,13842.0,66.0,73.0,9577.0,250.0
"New Bern, NC",552.0,480.0,0.0,0.0,72.0,9.0,735.0,522.0,0.0,0.0,213.0,12.0,406.0,406.0,0.0,0.0,0.0,0.0,690.0,552.0,2.0,0.0,136.0,11.0,540.0,538.0,2.0,0.0,0.0,0.0
"New Haven, CT",1453.0,399.0,72.0,62.0,920.0,25.0,1373.0,419.0,36.0,41.0,877.0,25.0,983.0,497.0,36.0,4.0,446.0,22.0,1346.0,484.0,68.0,7.0,787.0,35.0,1934.0,423.0,44.0,87.0,1380.0,51.0
"New Orleans, LA",4026.0,3241.0,250.0,13.0,522.0,12.0,4348.0,3563.0,286.0,19.0,480.0,11.0,5282.0,4018.0,318.0,22.0,924.0,28.0,3443.0,2934.0,392.0,17.0,100.0,4.0,3072.0,1865.0,502.0,9.0,696.0,21.0
"New York, NY",61168.0,11072.0,1786.0,1289.0,47021.0,1363.0,54835.0,10993.0,1674.0,828.0,41340.0,1264.0,56661.0,12947.0,1522.0,934.0,41258.0,1354.0,69753.0,12235.0,1592.0,745.0,55181.0,1621.0,63030.0,11734.0,1894.0,841.0,48561.0,1319.0
"Niles, MI",206.0,201.0,2.0,3.0,0.0,0.0,260.0,248.0,12.0,0.0,0.0,0.0,331.0,325.0,0.0,0.0,6.0,1.0,286.0,259.0,22.0,0.0,5.0,1.0,355.0,303.0,0.0,4.0,48.0,1.0
"North Port, FL",10009.0,6542.0,22.0,194.0,3251.0,108.0,9489.0,8433.0,144.0,132.0,780.0,47.0,15924.0,12106.0,252.0,62.0,3504.0,112.0,15780.0,10987.0,372.0,59.0,4362.0,115.0,15928.0,10495.0,120.0,75.0,5238.0,159.0
"Norwich, CT",537.0,249.0,26.0,16.0,246.0,13.0,456.0,307.0,46.0,23.0,80.0,5.0,456.0,403.0,22.0,0.0,31.0,3.0,445.0,379.0,10.0,4.0,52.0,4.0,352.0,223.0,6.0,0.0,123.0,1.0
"Ocala, FL",2367.0,2349.0,6.0,12.0,0.0,0.0,3827.0,3784.0,6.0,10.0,27.0,3.0,6229.0,5641.0,8.0,4.0,576.0,21.0,6489.0,5318.0,4.0,0.0,1167.0,43.0,5197.0,5023.0,74.0,4.0,96.0,4.0
"Ocean City, NJ",863.0,552.0,174.0,39.0,98.0,19.0,675.0,474.0,172.0,19.0,10.0,2.0,917.0,680.0,200.0,27.0,10.0,2.0,838.0,593.0,162.0,36.0,47.0,9.0,803.0,548.0,160.0,75.0,20.0,4.0
"Odessa, TX",1782.0,743.0,4.0,0.0,1035.0,35.0,1188.0,898.0,2.0,0.0,288.0,8.0,1406.0,1373.0,2.0,0.0,31.0,1.0,888.0,888.0,0.0,0.0,0.0,0.0,690.0,690.0,0.0,0.0,0.0,0.0
"Ogden, UT",3895.0,2872.0,12.0,195.0,816.0,68.0,5462.0,4224.0,26.0,232.0,980.0,51.0,7482.0,4205.0,12.0,140.0,3125.0,109.0,5027.0,2972.0,8.0,156.0,1891.0,101.0,3400.0,1871.0,2.0,156.0,1371.0,97.0
"Oklahoma City, OK",6557.0,5924.0,334.0,34.0,265.0,6.0,7431.0,6842.0,320.0,23.0,246.0,24.0,8080.0,7637.0,264.0,8.0,171.0,9.0,7048.0,5951.0,556.0,104.0,437.0,20.0,6736.0,5573.0,556.0,200.0,407.0,37.0
"Olympia, WA",1713.0,812.0,28.0,27.0,846.0,36.0,1161.0,708.0,34.0,8.0,411.0,32.0,2054.0,752.0,26.0,56.0,1220.0,64.0,1538.0,584.0,22.0,19.0,913.0,55.0,1512.0,816.0,10.0,19.0,667.0,25.0
"Omaha, NE",4100.0,2633.0,32.0,4.0,1431.0,32.0,5473.0,3454.0,52.0,11.0,1956.0,69.0,6382.0,3677.0,54.0,63.0,2588.0,99.0,6120.0,2651.0,134.0,213.0,3122.0,114.0,4719.0,2763.0,30.0,34.0,1892.0,84.0
"Orlando, FL",24470.0,14995.0,260.0,147.0,9068.0,194.0,24499.0,15343.0,352.0,111.0,8693.0,205.0,30618.0,17795.0,168.0,201.0,12454.0,278.0,28683.0,16213.0,198.0,158.0,12114.0,324.0,25415.0,17049.0,92.0,54.0,8220.0,183.0
"Oshkosh, WI",334.0,246.0,16.0,0.0,72.0,9.0,554.0,252.0,34.0,3.0,265.0,19.0,948.0,347.0,46.0,0.0,555.0,39.0,459.0,325.0,32.0,0.0,102.0,7.0,432.0,230.0,12.0,4.0,186.0,14.0
"Owensboro, KY",325.0,282.0,4.0,8.0,31.0,5.0,348.0,310.0,12.0,26.0,0.0,0.0,398.0,398.0,0.0,0.0,0.0,0.0,247.0,219.0,16.0,7.0,5.0,1.0,294.0,195.0,2.0,0.0,97.0,12.0
"Oxnard, CA",1146.0,609.0,34.0,31.0,472.0,39.0,1501.0,669.0,40.0,30.0,762.0,28.0,1477.0,686.0,34.0,48.0,709.0,30.0,1368.0,474.0,20.0,27.0,847.0,39.0,1163.0,400.0,0.0,91.0,672.0,30.0
"Palm Bay, FL",4202.0,2454.0,8.0,0.0,1740.0,67.0,4739.0,3333.0,26.0,36.0,1344.0,50.0,5174.0,4451.0,26.0,4.0,693.0,21.0,5258.0,4255.0,2.0,36.0,965.0,25.0,6537.0,4891.0,48.0,47.0,1551.0,54.0
"Panama City, FL",1795.0,1274.0,10.0,0.0,511.0,69.0,2846.0,1311.0,32.0,4.0,1499.0,64.0,2610.0,1520.0,22.0,3.0,1065.0,50.0,2288.0,2104.0,16.0,9.0,159.0,13.0,2322.0,1814.0,22.0,9.0,477.0,44.0
"Parkersburg, WV",142.0,76.0,18.0,48.0,0.0,0.0,83.0,83.0,0.0,0.0,0.0,0.0,109.0,107.0,2.0,0.0,0.0,0.0,66.0,66.0,0.0,0.0,0.0,0.0,96.0,96.0,0.0,0.0,0.0,0.0
"Pensacola, FL",3222.0,2734.0,74.0,17.0,397.0,4.0,4391.0,4103.0,16.0,12.0,260.0,12.0,4051.0,3101.0,682.0,21.0,247.0,13.0,3519.0,3343.0,14.0,0.0,162.0,4.0,2823.0,2797.0,12.0,9.0,5.0,1.0
"Peoria, IL",308.0,218.0,24.0,12.0,54.0,3.0,272.0,224.0,4.0,0.0,44.0,3.0,379.0,219.0,10.0,0.0,150.0,8.0,290.0,168.0,2.0,0.0,120.0,10.0,210.0,184.0,4.0,0.0,22.0,1.0
"Philadelphia, PA",15607.0,6963.0,394.0,710.0,7540.0,406.0,16201.0,7999.0,506.0,745.0,6951.0,341.0,36307.0,8868.0,900.0,1112.0,25427.0,676.0,14371.0,8534.0,326.0,620.0,4891.0,277.0,12019.0,6255.0,218.0,420.0,5126.0,233.0
"Phoenix, AZ",35873.0,25026.0,664.0,174.0,10009.0,230.0,48219.0,31658.0,680.0,208.0,15673.0,464.0,50581.0,34347.0,1066.0,284.0,14884.0,598.0,47804.0,26797.0,1538.0,227.0,19242.0,563.0,45616.0,24708.0,1730.0,142.0,19036.0,542.0
"Pine Bluff, AR",43.0,37.0,6.0,0.0,0.0,0.0,73.0,49.0,0.0,0.0,24.0,2.0,46.0,38.0,8.0,0.0,0.0,0.0,67.0,43.0,0.0,0.0,24.0,2.0,97.0,43.0,6.0,0.0,48.0,4.0
"Pittsburgh, PA",3984.0,2830.0,54.0,96.0,1004.0,28.0,4824.0,3441.0,142.0,194.0,1047.0,29.0,5223.0,3891.0,78.0,208.0,1046.0,42.0,5867.0,3101.0,86.0,116.0,2564.0,53.0,6294.0,3332.0,16.0,115.0,2831.0,51.0
"Pittsfield, MA",276.0,77.0,0.0,0.0,199.0,3.0,211.0,85.0,0.0,0.0,126.0,1.0,193.0,116.0,8.0,12.0,57.0,4.0,126.0,112.0,10.0,4.0,0.0,0.0,145.0,107.0,8.0,0.0,30.0,1.0
"Pocatello, ID",315.0,285.0,4.0,20.0,6.0,1.0,772.0,295.0,28.0,55.0,394.0,17.0,510.0,383.0,16.0,111.0,0.0,0.0,542.0,284.0,24.0,113.0,121.0,5.0,348.0,261.0,22.0,42.0,23.0,4.0
"Port St. Lucie, FL",4277.0,3503.0,188.0,28.0,558.0,21.0,5238.0,4807.0,176.0,32.0,223.0,34.0,8403.0,6447.0,228.0,25.0,1703.0,93.0,7804.0,5043.0,334.0,115.0,2312.0,125.0,6137.0,5405.0,220.0,6.0,506.0,58.0
"Portland, ME",2875.0,1818.0,124.0,17.0,916.0,43.0,2855.0,2062.0,104.0,38.0,651.0,34.0,3712.0,2634.0,174.0,48.0,856.0,48.0,3762.0,2120.0,112.0,48.0,1482.0,54.0,3072.0,1905.0,146.0,72.0,949.0,61.0
"Portland, OR",16815.0,7688.0,274.0,134.0,8719.0,287.0,13446.0,7513.0,152.0,100.0,5681.0,188.0,15023.0,8008.0,180.0,288.0,6547.0,169.0,12978.0,6029.0,106.0,89.0,6754.0,207.0,11382.0,6326.0,122.0,130.0,4804.0,169.0
"Poughkeepsie, NY",1913.0,796.0,4.0,15.0,1098.0,46.0,1696.0,863.0,10.0,31.0,792.0,42.0,2282.0,939.0,20.0,16.0,1307.0,52.0,1798.0,895.0,12.0,39.0,852.0,54.0,2230.0,756.0,38.0,36.0,1400.0,81.0
"Prescott Valley, AZ",2180.0,1588.0,60.0,16.0,516.0,35.0,1891.0,1729.0,128.0,12.0,22.0,3.0,2481.0,1905.0,106.0,4.0,466.0,27.0,2366.0,1745.0,140.0,0.0,481.0,8.0,1567.0,1218.0,72.0,0.0,277.0,10.0
"Providence, RI",2048.0,1592.0,188.0,93.0,175.0,13.0,2068.0,1621.0,232.0,86.0,129.0,18.0,2258.0,1788.0,190.0,88.0,192.0,13.0,2123.0,1560.0,224.0,82.0,257.0,17.0,1930.0,1255.0,166.0,71.0,438.0,23.0
"Provo, UT",6947.0,5423.0,16.0,73.0,1435.0,69.0,7967.0,6800.0,48.0,395.0,724.0,76.0,11175.0,7562.0,102.0,246.0,3265.0,234.0,8287.0,5153.0,152.0,158.0,2824.0,145.0,6181.0,4663.0,38.0,134.0,1346.0,78.0
"Pueblo, CO",488.0,484.0,0.0,4.0,0.0,0.0,579.0,579.0,0.0,0.0,0.0,0.0,742.0,742.0,0.0,0.0,0.0,0.0,497.0,497.0,0.0,0.0,0.0,0.0,297.0,297.0,0.0,0.0,0.0,0.0
"Punta Gorda, FL",2329.0,2075.0,136.0,4.0,114.0,5.0,2933.0,2381.0,134.0,44.0,374.0,19.0,4830.0,3435.0,286.0,92.0,1017.0,37.0,5676.0,4637.0,326.0,117.0,596.0,27.0,4429.0,3804.0,284.0,111.0,230.0,18.0
"Racine, WI",322.0,192.0,46.0,0.0,84.0,7.0,224.0,144.0,44.0,0.0,36.0,3.0,245.0,159.0,26.0,0.0,60.0,3.0,163.0,145.0,18.0,0.0,0.0,0.0,524.0,156.0,6.0,0.0,362.0,7.0
"Raleigh, NC",13320.0,11142.0,16.0,45.0,2117.0,67.0,16958.0,12697.0,24.0,8.0,4229.0,78.0,21649.0,14227.0,38.0,16.0,7368.0,138.0,22390.0,12488.0,48.0,8.0,9846.0,191.0,20619.0,12147.0,82.0,3.0,8387.0,169.0
"Rapid City, SD",722.0,469.0,40.0,24.0,189.0,10.0,1320.0,609.0,4.0,28.0,679.0,19.0,1562.0,684.0,0.0,40.0,838.0,35.0,1645.0,620.0,8.0,20.0,997.0,30.0,1574.0,511.0,26.0,60.0,977.0,38.0
"Reading, PA",628.0,350.0,2.0,0.0,276.0,13.0,515.0,466.0,0.0,4.0,45.0,2.0,493.0,375.0,2.0,8.0,108.0,10.0,386.0,372.0,6.0,0.0,8.0,1.0,352.0,231.0,12.0,4.0,105.0,5.0
"Redding, CA",544.0,447.0,0.0,0.0,97.0,4.0,393.0,389.0,0.0,4.0,0.0,0.0,368.0,320.0,0.0,0.0,48.0,2.0,375.0,375.0,0.0,0.0,0.0,0.0,208.0,208.0,0.0,0.0,0.0,0.0
"Reno, NV",5263.0,2157.0,46.0,58.0,3002.0,148.0,4504.0,2629.0,48.0,48.0,1779.0,97.0,5337.0,2717.0,80.0,68.0,2472.0,132.0,5812.0,2184.0,120.0,65.0,3443.0,195.0,4271.0,1992.0,110.0,73.0,2096.0,117.0
"Richmond, VA",8340.0,4481.0,174.0,196.0,3489.0,98.0,8190.0,5330.0,354.0,247.0,2259.0,69.0,9547.0,5946.0,398.0,49.0,3154.0,60.0,10414.0,4503.0,132.0,13.0,5766.0,186.0,9973.0,4590.0,224.0,8.0,5151.0,77.0
"Riverside, CA",14599.0,11147.0,120.0,161.0,3171.0,197.0,15232.0,12897.0,240.0,295.0,1800.0,176.0,15606.0,11962.0,300.0,286.0,3058.0,230.0,16747.0,12467.0,228.0,395.0,3657.0,253.0,20268.0,12463.0,208.0,249.0,7348.0,606.0
"Roanoke, VA",702.0,464.0,0.0,0.0,238.0,1.0,769.0,478.0,6.0,0.0,285.0,2.0,869.0,509.0,0.0,0.0,360.0,2.0,771.0,452.0,4.0,0.0,315.0,9.0,621.0,490.0,12.0,0.0,119.0,2.0
"Rochester, MN",1111.0,614.0,0.0,13.0,484.0,14.0,906.0,642.0,10.0,9.0,245.0,8.0,1135.0,721.0,8.0,4.0,402.0,5.0,1723.0,643.0,6.0,55.0,1019.0,16.0,1174.0,604.0,4.0,7.0,559.0,7.0
"Rochester, NY",2021.0,1116.0,36.0,84.0,785.0,49.0,2242.0,1149.0,64.0,65.0,964.0,55.0,1774.0,1180.0,56.0,85.0,453.0,44.0,2653.0,1151.0,88.0,142.0,1272.0,57.0,1723.0,906.0,46.0,129.0,642.0,52.0
"Rockford, IL",300.0,229.0,64.0,7.0,0.0,0.0,192.0,151.0,30.0,11.0,0.0,0.0,280.0,254.0,18.0,0.0,8.0,1.0,318.0,289.0,20.0,9.0,0.0,0.0,200.0,179.0,12.0,9.0,0.0,0.0
"Rocky Mount, NC",232.0,232.0,0.0,0.0,0.0,0.0,339.0,339.0,0.0,0.0,0.0,0.0,640.0,640.0,0.0,0.0,0.0,0.0,427.0,427.0,0.0,0.0,0.0,0.0,614.0,584.0,0.0,0.0,30.0,3.0
"Rome, GA",263.0,263.0,0.0,0.0,0.0,0.0,282.0,282.0,0.0,0.0,0.0,0.0,204.0,204.0,0.0,0.0,0.0,0.0,310.0,310.0,0.0,0.0,0.0,0.0,327.0,327.0,0.0,0.0,0.0,0.0
"Sacramento, CA",9431.0,7184.0,176.0,34.0,2037.0,63.0,11164.0,7279.0,112.0,89.0,3684.0,132.0,12434.0,9390.0,98.0,90.0,2856.0,89.0,10800.0,8170.0,188.0,115.0,2327.0,74.0,11941.0,7931.0,188.0,13.0,3809.0,156.0
"Saginaw, MI",248.0,139.0,4.0,28.0,77.0,1.0,245.0,148.0,6.0,0.0,91.0,1.0,195.0,180.0,4.0,11.0,0.0,0.0,175.0,143.0,12.0,0.0,20.0,1.0,190.0,138.0,40.0,12.0,0.0,0.0
"Salem, OR",2036.0,1039.0,72.0,24.0,901.0,51.0,2008.0,1134.0,30.0,30.0,814.0,58.0,2154.0,1368.0,24.0,3.0,759.0,58.0,2817.0,874.0,34.0,36.0,1873.0,116.0,1966.0,826.0,74.0,12.0,1054.0,83.0
"Salinas, CA",480.0,391.0,4.0,13.0,72.0,11.0,753.0,415.0,8.0,8.0,322.0,22.0,882.0,503.0,18.0,8.0,353.0,18.0,1086.0,611.0,18.0,63.0,394.0,19.0,617.0,459.0,8.0,0.0,150.0,8.0
"Salisbury, MD",4074.0,3524.0,130.0,97.0,323.0,49.0,5108.0,4482.0,236.0,62.0,328.0,35.0,5552.0,4983.0,264.0,15.0,290.0,19.0,4919.0,4235.0,214.0,10.0,460.0,24.0,4894.0,4177.0,90.0,20.0,607.0,42.0
"Salt Lake City, UT",10680.0,4760.0,172.0,176.0,5572.0,123.0,11033.0,5203.0,280.0,260.0,5290.0,112.0,11642.0,5338.0,190.0,263.0,5851.0,124.0,10102.0,3992.0,84.0,94.0,5932.0,127.0,9235.0,3163.0,96.0,294.0,5682.0,176.0
"San Angelo, TX",283.0,283.0,0.0,0.0,0.0,0.0,686.0,686.0,0.0,0.0,0.0,0.0,333.0,333.0,0.0,0.0,0.0,0.0,322.0,322.0,0.0,0.0,0.0,0.0,252.0,252.0,0.0,0.0,0.0,0.0
"San Antonio, TX",15895.0,9103.0,86.0,156.0,6550.0,211.0,16697.0,10541.0,232.0,88.0,5836.0,234.0,22264.0,13945.0,140.0,103.0,8076.0,314.0,24336.0,10223.0,192.0,183.0,13738.0,433.0,16485.0,8718.0,480.0,39.0,7248.0,260.0
"San Diego, CA",8216.0,3019.0,110.0,406.0,4681.0,159.0,9472.0,2900.0,88.0,378.0,6106.0,200.0,10048.0,3227.0,114.0,308.0,6399.0,214.0,9346.0,3517.0,114.0,374.0,5341.0,247.0,11469.0,3049.0,208.0,260.0,7952.0,260.0
"San Francisco, CA",13881.0,4076.0,124.0,153.0,9528.0,207.0,10156.0,3386.0,70.0,114.0,6586.0,185.0,13606.0,4301.0,250.0,91.0,8964.0,266.0,11180.0,3376.0,84.0,154.0,7566.0,168.0,7530.0,3015.0,70.0,93.0,4352.0,144.0
"San Jose, CA",6230.0,2603.0,26.0,49.0,3552.0,110.0,5851.0,1814.0,10.0,19.0,4008.0,62.0,4529.0,2400.0,34.0,8.0,2087.0,49.0,9428.0,3928.0,20.0,8.0,5472.0,116.0,6227.0,2037.0,36.0,23.0,4131.0,70.0
"San Luis Obispo, CA",1094.0,680.0,8.0,6.0,400.0,21.0,911.0,744.0,22.0,30.0,115.0,4.0,1120.0,678.0,18.0,64.0,360.0,30.0,1111.0,634.0,22.0,36.0,419.0,27.0,962.0,589.0,4.0,0.0,369.0,13.0
"Santa Cruz, CA",429.0,236.0,2.0,26.0,165.0,19.0,244.0,173.0,0.0,0.0,71.0,2.0,598.0,304.0,4.0,7.0,283.0,2.0,608.0,403.0,2.0,3.0,200.0,17.0,540.0,242.0,10.0,10.0,278.0,9.0
"Santa Fe, NM",589.0,344.0,0.0,0.0,245.0,8.0,577.0,279.0,0.0,0.0,298.0,23.0,840.0,228.0,0.0,0.0,612.0,38.0,590.0,177.0,14.0,0.0,399.0,14.0,926.0,264.0,0.0,0.0,662.0,34.0
"Santa Maria, CA",1175.0,631.0,20.0,70.0,454.0,21.0,1027.0,479.0,12.0,15.0,521.0,4.0,1152.0,534.0,32.0,11.0,575.0,6.0,1096.0,376.0,8.0,23.0,689.0,25.0,471.0,360.0,22.0,9.0,80.0,4.0
"Santa Rosa, CA",2429.0,2079.0,0.0,0.0,350.0,28.0,1395.0,1171.0,4.0,0.0,220.0,6.0,2618.0,1227.0,32.0,11.0,1348.0,49.0,2264.0,954.0,4.0,7.0,1299.0,57.0,2353.0,1020.0,0.0,12.0,1321.0,53.0
"Savannah, GA",2591.0,2151.0,0.0,4.0,436.0,33.0,3026.0,2061.0,0.0,16.0,949.0,78.0,3227.0,2752.0,6.0,28.0,441.0,26.0,3192.0,2226.0,136.0,93.0,737.0,56.0,3388.0,2620.0,16.0,0.0,752.0,47.0
"Scranton, PA",528.0,450.0,10.0,7.0,61.0,3.0,584.0,444.0,22.0,4.0,114.0,9.0,644.0,537.0,18.0,12.0,77.0,6.0,608.0,524.0,26.0,12.0,46.0,8.0,573.0,488.0,30.0,20.0,35.0,6.0
"Seattle, WA",26599.0,8737.0,574.0,862.0,16426.0,418.0,23039.0,8860.0,542.0,703.0,12934.0,418.0,30743.0,8828.0,736.0,858.0,20321.0,359.0,26661.0,7029.0,934.0,718.0,17980.0,339.0,17223.0,6296.0,764.0,528.0,9635.0,228.0
"Sebastian, FL",1459.0,1362.0,6.0,91.0,0.0,0.0,1162.0,1157.0,2.0,3.0,0.0,0.0,1592.0,1569.0,8.0,15.0,0.0,0.0,1183.0,1141.0,30.0,12.0,0.0,0.0,1656.0,1215.0,52.0,9.0,380.0,8.0
"Sebring, FL",253.0,233.0,20.0,0.0,0.0,0.0,384.0,374.0,10.0,0.0,0.0,0.0,644.0,576.0,8.0,60.0,0.0,0.0,663.0,641.0,22.0,0.0,0.0,0.0,712.0,626.0,34.0,0.0,52.0,1.0
"Sheboygan, WI",186.0,127.0,18.0,0.0,41.0,2.0,365.0,145.0,60.0,0.0,160.0,2.0,268.0,166.0,22.0,0.0,80.0,1.0,146.0,118.0,28.0,0.0,0.0,0.0,560.0,191.0,18.0,0.0,351.0,4.0
"Sherman, TX",998.0,634.0,46.0,9.0,309.0,3.0,1181.0,798.0,70.0,0.0,313.0,12.0,1048.0,932.0,20.0,0.0,96.0,6.0,2220.0,1498.0,134.0,0.0,588.0,17.0,2447.0,1162.0,26.0,0.0,1259.0,58.0
"Shreveport, LA",1040.0,1040.0,0.0,0.0,0.0,0.0,1000.0,1000.0,0.0,0.0,0.0,0.0,1136.0,1136.0,0.0,0.0,0.0,0.0,915.0,915.0,0.0,0.0,0.0,0.0,983.0,965.0,8.0,3.0,7.0,1.0
"Sierra Vista, AZ",254.0,249.0,0.0,0.0,5.0,1.0,337.0,333.0,4.0,0.0,0.0,0.0,434.0,422.0,12.0,0.0,0.0,0.0,529.0,508.0,2.0,11.0,8.0,1.0,486.0,486.0,0.0,0.0,0.0,0.0
"Sioux City, IA",579.0,286.0,6.0,16.0,271.0,18.0,779.0,340.0,14.0,25.0,400.0,9.0,457.0,326.0,10.0,37.0,84.0,2.0,449.0,282.0,4.0,34.0,129.0,9.0,365.0,220.0,4.0,37.0,104.0,4.0
"Sioux Falls, SD",2119.0,1376.0,10.0,28.0,705.0,36.0,3550.0,1597.0,30.0,89.0,1834.0,78.0,3986.0,1893.0,42.0,161.0,1890.0,115.0,5554.0,1626.0,24.0,234.0,3670.0,159.0,3439.0,1155.0,50.0,144.0,2090.0,97.0
"South Bend, IN",428.0,428.0,0.0,0.0,0.0,0.0,555.0,555.0,0.0,0.0,0.0,0.0,492.0,489.0,0.0,3.0,0.0,0.0,742.0,429.0,4.0,0.0,309.0,5.0,422.0,364.0,40.0,0.0,18.0,3.0
"Spartanburg, SC",2599.0,2599.0,0.0,0.0,0.0,0.0,2876.0,2876.0,0.0,0.0,0.0,0.0,3614.0,3394.0,0.0,0.0,220.0,13.0,2596.0,2596.0,0.0,0.0,0.0,0.0,2867.0,2824.0,2.0,0.0,41.0,3.0
"Spokane, WA",3300.0,1888.0,216.0,15.0,1181.0,53.0,3362.0,1848.0,162.0,37.0,1315.0,62.0,3415.0,1908.0,210.0,86.0,1211.0,64.0,4022.0,2022.0,148.0,56.0,1796.0,87.0,3903.0,1706.0,216.0,70.0,1911.0,78.0
"Springfield, IL",329.0,149.0,32.0,0.0,148.0,12.0,335.0,197.0,62.0,0.0,76.0,6.0,332.0,239.0,82.0,0.0,11.0,1.0,210.0,146.0,22.0,0.0,42.0,5.0,246.0,163.0,30.0,0.0,53.0,5.0
"Springfield, MA",794.0,461.0,20.0,9.0,304.0,4.0,760.0,557.0,28.0,0.0,175.0,3.0,745.0,495.0,12.0,4.0,234.0,4.0,740.0,431.0,30.0,4.0,275.0,25.0,708.0,417.0,20.0,4.0,267.0,33.0
"Springfield, MO",1621.0,1261.0,58.0,107.0,195.0,5.0,2213.0,1684.0,112.0,16.0,401.0,17.0,2638.0,1685.0,32.0,24.0,897.0,31.0,1706.0,1415.0,44.0,18.0,229.0,13.0,2177.0,1580.0,106.0,65.0,426.0,17.0
"Springfield, OH",76.0,70.0,0.0,0.0,6.0,1.0,139.0,129.0,0.0,4.0,6.0,1.0,199.0,189.0,4.0,0.0,6.0,1.0,183.0,112.0,0.0,51.0,20.0,3.0,215.0,107.0,0.0,68.0,40.0,1.0
"St. Cloud, MN",718.0,504.0,4.0,3.0,207.0,4.0,615.0,529.0,36.0,8.0,42.0,2.0,624.0,525.0,50.0,0.0,49.0,1.0,696.0,431.0,0.0,0.0,265.0,4.0,681.0,427.0,6.0,4.0,244.0,8.0
"St. George, UT",3557.0,2420.0,64.0,210.0,863.0,32.0,3314.0,2939.0,14.0,51.0,310.0,18.0,3484.0,3218.0,44.0,28.0,194.0,25.0,3196.0,2486.0,0.0,40.0,670.0,51.0,2820.0,2134.0,10.0,38.0,638.0,32.0
"St. Joseph, MO",220.0,124.0,2.0,0.0,94.0,8.0,256.0,103.0,6.0,0.0,147.0,1.0,108.0,100.0,8.0,0.0,0.0,0.0,95.0,87.0,8.0,0.0,0.0,0.0,97.0,75.0,2.0,0.0,20.0,3.0
"St. Louis, MO",7054.0,5179.0,84.0,161.0,1630.0,88.0,7863.0,5719.0,110.0,57.0,1977.0,88.0,8326.0,5716.0,132.0,43.0,2435.0,104.0,9130.0,4742.0,94.0,92.0,4202.0,137.0,7107.0,4599.0,80.0,146.0,2282.0,92.0
"State College, PA",441.0,351.0,40.0,0.0,50.0,1.0,380.0,374.0,2.0,4.0,0.0,0.0,654.0,264.0,18.0,9.0,363.0,4.0,654.0,288.0,12.0,16.0,338.0,4.0,344.0,316.0,2.0,16.0,10.0,2.0
"Staunton, VA",654.0,312.0,2.0,16.0,324.0,15.0,501.0,421.0,0.0,0.0,80.0,2.0,413.0,341.0,4.0,0.0,68.0,2.0,442.0,379.0,6.0,0.0,57.0,2.0,605.0,415.0,6.0,3.0,181.0,7.0
"Stockton, CA",3499.0,2628.0,18.0,27.0,826.0,36.0,3914.0,3086.0,4.0,21.0,803.0,18.0,4389.0,3718.0,4.0,0.0,667.0,38.0,3485.0,3205.0,24.0,0.0,256.0,14.0,2170.0,2167.0,0.0,3.0,0.0,0.0
"Sumter, SC",407.0,343.0,16.0,0.0,48.0,2.0,408.0,378.0,18.0,12.0,0.0,0.0,472.0,468.0,4.0,0.0,0.0,0.0,502.0,402.0,64.0,0.0,36.0,1.0,473.0,435.0,38.0,0.0,0.0,0.0
"Syracuse, NY",757.0,538.0,6.0,7.0,206.0,7.0,777.0,523.0,52.0,4.0,198.0,5.0,693.0,537.0,6.0,7.0,143.0,7.0,532.0,466.0,22.0,0.0,44.0,1.0,643.0,509.0,4.0,3.0,127.0,5.0
"Tallahassee, FL",2345.0,1070.0,14.0,0.0,1261.0,45.0,2445.0,1337.0,20.0,0.0,1088.0,41.0,2905.0,1592.0,20.0,0.0,1293.0,46.0,3059.0,1396.0,18.0,0.0,1645.0,61.0,2690.0,1433.0,20.0,0.0,1237.0,38.0
"Tampa, FL",23540.0,14670.0,166.0,103.0,8601.0,194.0,20348.0,16088.0,72.0,46.0,4142.0,74.0,24831.0,19305.0,62.0,30.0,5434.0,185.0,29968.0,15678.0,200.0,798.0,13292.0,744.0,25386.0,14852.0,182.0,381.0,9971.0,473.0
"Terre Haute, IN",87.0,63.0,24.0,0.0,0.0,0.0,140.0,108.0,32.0,0.0,0.0,0.0,170.0,110.0,22.0,0.0,38.0,3.0,216.0,118.0,20.0,24.0,54.0,9.0,140.0,126.0,14.0,0.0,0.0,0.0
"Texarkana, TX",82.0,80.0,2.0,0.0,0.0,0.0,96.0,92.0,0.0,4.0,0.0,0.0,259.0,259.0,0.0,0.0,0.0,0.0,161.0,130.0,18.0,8.0,5.0,1.0,247.0,94.0,112.0,11.0,30.0,5.0
"The Villages, FL",2928.0,2657.0,0.0,0.0,271.0,8.0,3698.0,2942.0,0.0,8.0,748.0,24.0,4611.0,4007.0,0.0,0.0,604.0,36.0,4439.0,3919.0,0.0,0.0,520.0,14.0,3339.0,3339.0,0.0,0.0,0.0,0.0
"Toledo, OH",1414.0,892.0,26.0,43.0,453.0,20.0,1557.0,832.0,74.0,32.0,619.0,34.0,1210.0,882.0,34.0,16.0,278.0,13.0,1119.0,653.0,14.0,16.0,436.0,17.0,1339.0,789.0,108.0,0.0,442.0,22.0
"Topeka, KS",322.0,301.0,12.0,9.0,0.0,0.0,544.0,380.0,12.0,0.0,152.0,3.0,717.0,417.0,2.0,9.0,289.0,5.0,429.0,413.0,16.0,0.0,0.0,0.0,353.0,303.0,50.0,0.0,0.0,0.0
"Trenton, NJ",538.0,181.0,2.0,53.0,302.0,29.0,832.0,220.0,0.0,25.0,587.0,32.0,544.0,278.0,2.0,0.0,264.0,29.0,643.0,165.0,0.0,7.0,471.0,46.0,969.0,402.0,8.0,0.0,559.0,36.0
"Tucson, AZ",4313.0,3490.0,52.0,0.0,771.0,50.0,4958.0,4242.0,46.0,0.0,670.0,44.0,6284.0,5116.0,50.0,0.0,1118.0,70.0,5714.0,3735.0,62.0,12.0,1905.0,106.0,5255.0,3688.0,138.0,10.0,1419.0,110.0
"Tulsa, OK",4306.0,3377.0,34.0,16.0,879.0,26.0,4924.0,4039.0,42.0,40.0,803.0,55.0,4920.0,4354.0,88.0,32.0,446.0,38.0,5123.0,3843.0,42.0,24.0,1214.0,40.0,5009.0,3393.0,92.0,47.0,1477.0,51.0
"Tuscaloosa, AL",1474.0,630.0,6.0,149.0,689.0,14.0,1269.0,656.0,6.0,148.0,459.0,11.0,1496.0,771.0,6.0,115.0,604.0,15.0,1043.0,714.0,4.0,54.0,271.0,7.0,695.0,575.0,30.0,29.0,61.0,4.0
"Twin Falls, ID",835.0,599.0,34.0,196.0,6.0,1.0,1053.0,891.0,46.0,32.0,84.0,13.0,1068.0,894.0,34.0,72.0,68.0,2.0,605.0,483.0,22.0,0.0,100.0,7.0,455.0,384.0,26.0,36.0,9.0,1.0
"Tyler, TX",657.0,592.0,28.0,32.0,5.0,1.0,828.0,635.0,114.0,62.0,17.0,3.0,912.0,741.0,50.0,80.0,41.0,6.0,830.0,701.0,62.0,32.0,35.0,5.0,753.0,468.0,182.0,90.0,13.0,2.0
"Urban Honolulu, HI",2279.0,912.0,0.0,24.0,1343.0,45.0,1621.0,862.0,0.0,6.0,753.0,22.0,1438.0,938.0,54.0,0.0,446.0,11.0,2526.0,662.0,150.0,0.0,1714.0,44.0,1851.0,657.0,146.0,7.0,1041.0,22.0
"Utica, NY",352.0,199.0,0.0,3.0,150.0,4.0,414.0,177.0,6.0,0.0,231.0,8.0,456.0,160.0,6.0,4.0,286.0,3.0,324.0,244.0,0.0,4.0,76.0,12.0,252.0,194.0,0.0,0.0,58.0,11.0
"Valdosta, GA",1276.0,1174.0,10.0,0.0,92.0,1.0,1366.0,1251.0,12.0,0.0,103.0,1.0,1535.0,1389.0,16.0,0.0,130.0,1.0,1302.0,1280.0,22.0,0.0,0.0,0.0,962.0,883.0,6.0,0.0,73.0,7.0
"Vallejo, CA",1089.0,1078.0,0.0,0.0,11.0,1.0,1733.0,1006.0,0.0,0.0,727.0,12.0,1378.0,1141.0,2.0,0.0,235.0,24.0,1154.0,948.0,0.0,0.0,206.0,7.0,1414.0,938.0,0.0,0.0,476.0,30.0
"Victoria, TX",201.0,141.0,0.0,60.0,0.0,0.0,132.0,132.0,0.0,0.0,0.0,0.0,391.0,223.0,0.0,0.0,168.0,8.0,204.0,204.0,0.0,0.0,0.0,0.0,90.0,62.0,0.0,28.0,0.0,0.0
"Vineland, NJ",132.0,132.0,0.0,0.0,0.0,0.0,179.0,179.0,0.0,0.0,0.0,0.0,185.0,122.0,0.0,0.0,63.0,1.0,120.0,115.0,0.0,0.0,5.0,1.0,103.0,103.0,0.0,0.0,0.0,0.0
"Virginia Beach, VA",5908.0,4345.0,46.0,52.0,1465.0,50.0,6951.0,5242.0,18.0,44.0,1647.0,33.0,7377.0,4712.0,44.0,71.0,2550.0,60.0,6313.0,3680.0,34.0,15.0,2584.0,103.0,6114.0,3393.0,22.0,25.0,2674.0,60.0
"Visalia, CA",1872.0,1619.0,36.0,15.0,202.0,13.0,1575.0,1406.0,32.0,77.0,60.0,4.0,1510.0,1300.0,38.0,16.0,156.0,8.0,2385.0,1420.0,46.0,0.0,919.0,87.0,1165.0,1035.0,58.0,3.0,69.0,8.0
"Waco, TX",1222.0,876.0,70.0,0.0,276.0,23.0,1214.0,971.0,122.0,3.0,118.0,4.0,1107.0,983.0,72.0,3.0,49.0,3.0,1393.0,954.0,60.0,0.0,379.0,25.0,1759.0,744.0,88.0,80.0,847.0,84.0
"Walla Walla, WA",190.0,160.0,10.0,0.0,20.0,2.0,154.0,132.0,10.0,12.0,0.0,0.0,261.0,137.0,12.0,0.0,112.0,6.0,170.0,114.0,56.0,0.0,0.0,0.0,275.0,177.0,34.0,0.0,64.0,6.0
"Warner Robins, GA",1282.0,1114.0,0.0,4.0,164.0,7.0,1307.0,1191.0,2.0,24.0,90.0,4.0,1534.0,1390.0,2.0,60.0,82.0,6.0,2495.0,1445.0,0.0,0.0,1050.0,36.0,1845.0,1167.0,2.0,0.0,676.0,20.0
"Washington, DC",26804.0,12977.0,178.0,52.0,13597.0,197.0,25166.0,13991.0,112.0,7.0,11056.0,157.0,27414.0,13729.0,54.0,41.0,13590.0,273.0,35906.0,12013.0,74.0,20.0,23799.0,737.0,23493.0,10936.0,80.0,58.0,12419.0,223.0
"Waterloo, IA",489.0,269.0,12.0,8.0,200.0,4.0,351.0,303.0,40.0,0.0,8.0,1.0,205.0,203.0,2.0,0.0,0.0,0.0,264.0,187.0,30.0,4.0,43.0,5.0,481.0,235.0,18.0,6.0,222.0,9.0
"Watertown, NY",138.0,138.0,0.0,0.0,0.0,0.0,129.0,129.0,0.0,0.0,0.0,0.0,161.0,161.0,0.0,0.0,0.0,0.0,179.0,176.0,0.0,3.0,0.0,0.0,194.0,194.0,0.0,0.0,0.0,0.0
"Wausau, WI",579.0,371.0,30.0,0.0,178.0,7.0,532.0,448.0,12.0,3.0,69.0,8.0,680.0,387.0,20.0,0.0,273.0,7.0,487.0,351.0,12.0,0.0,124.0,5.0,570.0,328.0,14.0,23.0,205.0,5.0
"Weirton, WV",25.0,25.0,0.0,0.0,0.0,0.0,30.0,30.0,0.0,0.0,0.0,0.0,34.0,34.0,0.0,0.0,0.0,0.0,33.0,33.0,0.0,0.0,0.0,0.0,16.0,14.0,2.0,0.0,0.0,0.0
"Wenatchee, WA",955.0,632.0,16.0,18.0,289.0,13.0,991.0,706.0,20.0,3.0,262.0,19.0,1000.0,803.0,30.0,8.0,159.0,13.0,861.0,570.0,10.0,36.0,245.0,7.0,586.0,505.0,8.0,7.0,66.0,8.0
"Wheeling, WV",12.0,10.0,2.0,0.0,0.0,0.0,55.0,12.0,0.0,4.0,39.0,1.0,96.0,6.0,0.0,6.0,84.0,2.0,18.0,14.0,4.0,0.0,0.0,0.0,11.0,9.0,2.0,0.0,0.0,0.0
"Wichita Falls, TX",189.0,133.0,20.0,0.0,36.0,2.0,238.0,210.0,24.0,4.0,0.0,0.0,191.0,189.0,2.0,0.0,0.0,0.0,378.0,162.0,0.0,0.0,216.0,9.0,274.0,207.0,6.0,9.0,52.0,2.0
"Wichita, KS",2126.0,1389.0,486.0,40.0,211.0,19.0,2024.0,1553.0,364.0,107.0,0.0,0.0,2384.0,1618.0,706.0,60.0,0.0,0.0,2850.0,1586.0,806.0,62.0,396.0,15.0,3533.0,1470.0,1306.0,26.0,731.0,33.0
"Williamsport, PA",78.0,66.0,12.0,0.0,0.0,0.0,52.0,52.0,0.0,0.0,0.0,0.0,56.0,54.0,2.0,0.0,0.0,0.0,113.0,70.0,0.0,0.0,43.0,1.0,57.0,57.0,0.0,0.0,0.0,0.0
"Wilmington, NC",3575.0,1950.0,24.0,3.0,1598.0,64.0,3857.0,2248.0,104.0,0.0,1505.0,37.0,4418.0,2671.0,174.0,12.0,1561.0,45.0,4421.0,2489.0,142.0,14.0,1776.0,55.0,3965.0,2228.0,134.0,68.0,1535.0,40.0
"Winchester, VA",896.0,719.0,0.0,81.0,96.0,2.0,798.0,786.0,2.0,0.0,10.0,2.0,1022.0,813.0,0.0,15.0,194.0,7.0,1041.0,741.0,0.0,0.0,300.0,17.0,1006.0,1002.0,0.0,4.0,0.0,0.0
"Winston, NC",3334.0,3160.0,4.0,0.0,170.0,14.0,4216.0,4126.0,4.0,6.0,80.0,7.0,4206.0,3887.0,2.0,0.0,317.0,23.0,5480.0,3983.0,4.0,3.0,1490.0,53.0,5074.0,3567.0,10.0,3.0,1494.0,60.0
"Worcester, MA",1917.0,1188.0,96.0,11.0,622.0,18.0,1830.0,1284.0,40.0,0.0,506.0,11.0,2053.0,1177.0,90.0,26.0,760.0,11.0,2252.0,1172.0,94.0,10.0,976.0,24.0,1349.0,919.0,116.0,11.0,303.0,13.0
"Yakima, WA",1043.0,569.0,70.0,34.0,370.0,21.0,575.0,494.0,30.0,38.0,13.0,1.0,1103.0,631.0,46.0,75.0,351.0,29.0,706.0,426.0,40.0,81.0,159.0,8.0,650.0,453.0,58.0,81.0,58.0,2.0
"York, PA",1313.0,858.0,20.0,46.0,389.0,25.0,1204.0,789.0,24.0,65.0,326.0,15.0,1316.0,1164.0,2.0,0.0,150.0,1.0,1362.0,1062.0,8.0,0.0,292.0,9.0,1167.0,983.0,14.0,24.0,146.0,17.0
"Youngstown, OH",330.0,323.0,4.0,3.0,0.0,0.0,324.0,311.0,10.0,3.0,0.0,0.0,400.0,373.0,24.0,3.0,0.0,0.0,364.0,347.0,2.0,3.0,12.0,1.0,290.0,282.0,0.0,8.0,0.0,0.0
"Yuba City, CA",678.0,654.0,0.0,0.0,24.0,3.0,586.0,576.0,10.0,0.0,0.0,0.0,981.0,725.0,4.0,0.0,252.0,20.0,738.0,592.0,28.0,0.0,118.0,12.0,609.0,589.0,20.0,0.0,0.0,0.0
"Yuma, AZ",1206.0,1200.0,6.0,0.0,0.0,0.0,1290.0,1181.0,76.0,28.0,5.0,1.0,1291.0,1096.0,2.0,3.0,190.0,20.0,852.0,728.0,22.0,4.0,98.0,7.0,873.0,761.0,20.0,4.0,88.0,6.0
