msa_name,Total_2014,1 Unit_2014,2 Units_2014,3 and 4 Units_2014,5 Units or more_2014,Num of Structures With 5 Units or more_2014,Total_2015,1 Unit_2015,2 Units_2015,3 and 4 Units_2015,5 Units or more_2015,Num of Structures With 5 Units or more_2015,Total_2016,1 Unit_2016,2 Units_2016,3 and 4 Units_2016,5 Units or more_2016,Num of Structures With 5 Units or more_2016,Total_2017,1 Unit_2017,2 Units_2017,3 and 4 Units_2017,5 Units or more_2017,Num of Structures With 5 Units or more_2017,Total_2018,1 Unit_2018,2 Units_2018,3 and 4 Units_2018,5 Units or more_2018,Num of Structures With 5 Units or more_2018
"Abilene, TX",284.0,284,0,0,0,0,535.0,303,4,0,228,24,306.0,298,8,0,0,0,322.0,282,36,4,0,0,357.0,335,22,0,0,0
"Akron, OH",763.0,684,0,16,63,1,967.0,792,4,12,159,1,909.0,905,0,4,0,0,920.0,901,0,8,11,1,1210.0,1011,8,12,179,2
"Albany, GA",271.0,235,22,9,5,1,203.0,166,26,6,5,1,230.0,176,0,8,46,6,416.0,411,0,0,5,1,188.0,170,0,3,15,3
"Albany, OR",393.0,270,2,0,121,11,365.0,344,6,0,15,3,405.0,395,0,0,10,2,539.0,481,0,0,58,6,540.0,446,2,0,92,9
"Albany, NY",2231.0,1203,62,127,839,70,3623.0,1185,70,236,2132,142,2853.0,1380,78,275,1120,70,2346.0,1212,60,149,925,62,2239.0,1231,30,121,857,48
"Albuquerque, NM",2543.0,2128,12,67,336,15,2295.0,2012,12,52,219,12,2465.0,1931,6,28,500,42,2256.0,1996,6,3,251,24,2186.0,2086,4,21,75,13
"Alexandria, LA",323.0,311,12,0,0,0,289.0,241,48,0,0,0,390.0,326,64,0,0,0,302.0,292,10,0,0,0,305.0,289,16,0,0,0
"Allentown, PA",1801.0,1051,2,14,734,38,1356.0,943,0,7,406,28,1263.0,1059,28,13,163,16,1118.0,938,22,0,158,12,1246.0,1082,2,0,162,13
"Altoona, PA",100.0,88,4,0,8,1,117.0,108,0,4,5,1,183.0,102,40,0,41,1,114.0,88,26,0,0,0,101.0,101,0,0,0,0
"Amarillo, TX",918.0,496,6,44,372,13,880.0,564,4,0,312,30,740.0,718,22,0,0,0,775.0,555,12,4,204,3,750.0,637,12,0,101,1
"Ames, IA",539.0,179,10,0,350,22,555.0,196,2,3,354,15,709.0,210,24,0,475,26,902.0,257,14,0,631,26,626.0,273,10,3,340,12
"Anchorage, AK",887.0,671,18,22,176,19,933.0,695,30,60,148,17,1046.0,751,26,53,216,19,1148.0,851,34,55,208,20,1259.0,938,62,51,208,20
"Ann Arbor, MI",570.0,385,2,0,183,14,420.0,390,0,0,30,3,438.0,438,0,0,0,0,657.0,583,12,40,22,3,805.0,652,10,27,116,12
"Anniston, AL",114.0,102,0,0,12,1,61.0,61,0,0,0,0,77.0,62,0,8,7,1,69.0,69,0,0,0,0,70.0,66,0,4,0,0
"Appleton, WI",930.0,508,36,40,346,35,1119.0,568,32,28,491,43,743.0,549,48,0,146,10,930.0,616,68,0,246,17,987.0,781,62,0,144,12
"Asheville, NC",1832.0,1408,8,0,416,31,2161.0,1794,0,0,367,27,3203.0,1919,10,0,1274,56,2771.0,2103,10,0,658,41,2805.0,2233,4,0,568,35
"Athens, GA",930.0,502,2,4,422,19,1159.0,562,6,0,591,28,584.0,523,14,16,31,6,771.0,581,6,8,176,12,1069.0,729,0,8,332,17
"Atlanta, GA",26683.0,16984,40,217,9442,165,30342.0,19995,30,167,10150,192,36357.0,23100,48,102,13107,201,33832.0,24973,30,127,8702,183,39441.0,26506,98,87,12750,253
"Atlantic City, NJ",722.0,392,38,10,282,24,710.0,351,6,0,353,18,1083.0,336,8,8,731,30,1090.0,304,2,0,784,34,833.0,349,2,0,482,18
"Auburn, AL",943.0,751,4,0,188,10,838.0,826,12,0,0,0,891.0,853,16,0,22,2,1361.0,971,26,4,360,3,1131.0,1036,16,32,47,8
"Augusta, GA",2847.0,2416,4,40,387,20,3035.0,2669,2,0,364,22,2968.0,2560,8,60,340,15,3338.0,2690,2,53,593,23,2867.0,2584,2,33,248,18
"Austin, TX",19949.0,11515,256,188,7990,273,22370.0,11857,372,76,10065,347,21861.0,13327,62,176,8296,275,26700.0,16119,50,103,10428,265,30035.0,17030,100,65,12840,371
"Bakersfield, CA",2297.0,1885,26,29,357,29,2200.0,2098,6,14,82,7,2256.0,2141,100,4,11,2,2640.0,2378,158,50,54,9,2452.0,2073,108,65,206,25
"Baltimore, MD",7100.0,4662,70,14,2354,54,8264.0,4587,100,6,3571,60,8070.0,4731,146,0,3193,63,6840.0,5000,16,0,1824,38,9287.0,5361,6,0,3920,58
"Bangor, ME",231.0,213,6,12,0,0,555.0,197,8,16,334,33,271.0,194,6,32,39,4,304.0,250,8,16,30,5,261.0,228,6,15,12,1
"Barnstable Town, MA",640.0,530,4,15,91,15,572.0,550,10,6,6,1,505.0,495,10,0,0,0,871.0,489,10,0,372,6,1005.0,518,10,69,408,4
"Baton Rouge, LA",3568.0,3294,0,4,270,6,3569.0,3463,2,0,104,6,3426.0,3402,4,20,0,0,3639.0,3586,26,16,11,2,3922.0,3509,12,0,401,10
"Battle Creek, MI",56.0,34,2,0,20,1,59.0,59,0,0,0,0,44.0,44,0,0,0,0,84.0,78,0,0,6,1,54.0,54,0,0,0,0
"Bay City, MI",62.0,37,0,0,25,5,147.0,49,0,0,98,2,71.0,63,0,0,8,1,70.0,62,0,8,0,0,85.0,85,0,0,0,0
"Beaumont, TX",1606.0,1068,194,0,344,24,1132.0,953,2,3,174,16,1094.0,882,48,0,164,5,1302.0,1140,34,72,56,1,1404.0,1200,60,4,140,6
"Beckley, WV",125.0,120,0,0,5,1,100.0,100,0,0,0,0,72.0,72,0,0,0,0,83.0,83,0,0,0,0,86.0,86,0,0,0,0
"Bellingham, WA",1007.0,542,42,23,400,16,1144.0,599,38,85,422,29,1183.0,718,34,63,368,18,1256.0,793,38,18,407,19,1464.0,767,76,42,579,34
"Bend, OR",1330.0,1274,24,0,32,5,2227.0,1550,54,0,623,22,2274.0,1817,40,59,358,14,2055.0,1777,58,0,220,8,1983.0,1818,56,3,106,6
"Billings, MT",651.0,517,4,16,114,9,1764.0,1274,8,3,479,19,1206.0,1054,2,0,150,3,1225.0,992,28,36,169,2,1476.0,1158,20,0,298,11
"Binghamton, NY",85.0,85,0,0,0,0,249.0,71,106,0,72,2,338.0,133,0,20,185,18,404.0,128,6,27,243,15,315.0,93,0,16,206,16
"Birmingham, AL",3364.0,2318,2,85,959,18,3733.0,2414,0,16,1303,26,3312.0,2730,0,8,574,26,2689.0,2677,2,4,6,1,3025.0,2698,24,4,299,25
"Bismarck, ND",1771.0,883,26,8,854,18,1082.0,664,22,0,396,15,856.0,629,16,6,205,6,632.0,514,32,10,76,2,533.0,383,26,15,109,4
"Blacksburg, VA",353.0,297,8,0,48,2,476.0,474,2,0,0,0,543.0,455,0,4,84,3,737.0,416,0,3,318,22,566.0,435,4,0,127,7
"Bloomington, IL",271.0,257,2,6,6,1,396.0,245,10,7,134,6,342.0,214,4,0,124,7,386.0,214,8,0,164,6,220.0,114,0,4,102,7
"Bloomington, IN",539.0,233,36,0,270,17,395.0,269,10,0,116,6,501.0,292,30,4,175,7,604.0,313,40,0,251,6,417.0,255,56,0,106,7
"Bloomsburg, PA",113.0,107,2,4,0,0,190.0,135,0,0,55,2,150.0,111,2,3,34,4,169.0,105,0,6,58,3,194.0,83,0,0,111,7
"Boise City, ID",5183.0,3481,16,375,1311,64,5499.0,4295,6,340,858,47,6758.0,5383,22,308,1045,57,7909.0,6275,26,297,1311,100,8917.0,6923,64,293,1637,117
"Boston, MA",12024.0,4991,306,245,6482,225,15036.0,4844,410,319,9463,258,13247.0,5243,516,318,7170,246,14757.0,4949,490,292,9026,291,14183.0,4930,546,343,8364,297
"Boulder, CO",1371.0,560,46,23,742,41,1249.0,768,56,42,383,22,1849.0,716,28,18,1087,62,1667.0,808,6,16,837,51,2954.0,899,12,30,2013,84
"Bowling Green, KY",603.0,417,8,26,152,12,1147.0,546,68,48,485,34,1345.0,580,50,84,631,50,1270.0,737,38,56,439,33,2199.0,783,14,60,1342,103
"Bremerton, WA",598.0,519,4,4,71,1,918.0,796,4,8,110,4,1059.0,862,14,15,168,10,1094.0,952,4,3,135,6,1149.0,903,22,9,215,13
"Bridgeport, CT",1889.0,987,38,62,802,17,2598.0,800,20,11,1767,45,1903.0,712,44,19,1128,22,1719.0,765,44,35,875,26,1097.0,753,30,27,287,16
"Brownsville, TX",1417.0,1179,66,30,142,3,1285.0,1129,58,15,83,10,1569.0,1217,12,92,248,19,1245.0,1139,60,24,22,3,1487.0,1392,56,7,32,5
"Brunswick, GA",462.0,462,0,0,0,0,535.0,535,0,0,0,0,526.0,526,0,0,0,0,618.0,604,0,4,10,2,652.0,640,0,0,12,1
"Buffalo, NY",1878.0,1057,24,56,741,55,1677.0,992,24,12,649,44,1964.0,931,14,14,1005,68,1657.0,979,6,23,649,40,1453.0,975,24,22,432,30
"Burlington, NC",606.0,593,6,7,0,0,1032.0,736,2,4,290,9,1353.0,938,12,16,387,20,1223.0,1030,2,3,188,5,1419.0,1084,4,0,331,21
"Burlington, VT",706.0,368,52,25,261,8,916.0,357,58,64,437,19,861.0,350,96,32,383,16,870.0,384,48,37,401,15,1164.0,447,54,60,603,19
"California, MD",457.0,451,0,0,6,1,641.0,626,0,0,15,3,698.0,689,0,4,5,1,1164.0,1164,0,0,0,0,931.0,871,0,0,60,6
"Canton, OH",551.0,404,12,70,65,6,558.0,405,6,84,63,12,554.0,458,6,44,46,9,525.0,445,10,18,52,10,528.0,413,16,27,72,12
"Cape Coral, FL",4095.0,3112,66,167,750,43,6879.0,3819,26,192,2842,168,5417.0,4092,122,240,963,54,6954.0,4841,286,127,1700,72,9721.0,5803,532,159,3227,122
"Cape Girardeau, MO",187.0,163,12,0,12,1,179.0,119,10,0,50,7,172.0,132,8,0,32,4,598.0,260,12,0,326,10,816.0,131,14,0,671,9
"Carbondale, IL",245.0,86,16,22,121,1,137.0,78,8,39,12,1,136.0,90,14,26,6,1,130.0,83,20,27,0,0,238.0,196,6,16,20,4
"Carson City, NV",35.0,33,2,0,0,0,43.0,39,0,4,0,0,159.0,87,0,0,72,9,138.0,118,0,20,0,0,310.0,180,0,0,130,8
"Casper, WY",330.0,330,0,0,0,0,271.0,227,2,6,36,1,165.0,157,0,8,0,0,273.0,151,18,4,100,4,174.0,140,20,4,10,1
"Cedar Rapids, IA",881.0,644,70,113,54,2,1073.0,703,108,57,205,11,787.0,555,130,67,35,1,992.0,537,146,38,271,6,959.0,490,132,6,331,11
"Chambersburg, PA",356.0,251,12,32,61,5,231.0,231,0,0,0,0,327.0,285,0,0,42,2,412.0,342,8,4,58,10,423.0,349,4,0,70,7
"Champaign, IL",1489.0,366,10,4,1109,41,1235.0,329,6,6,894,21,1011.0,440,52,7,512,16,838.0,408,10,8,412,15,1506.0,345,16,65,1080,38
"Charleston, WV",321.0,88,16,29,188,18,283.0,90,20,38,135,14,185.0,70,18,21,76,7,135.0,70,10,16,39,5,106.0,106,0,0,0,0
"Charleston, SC",6155.0,4144,0,0,2011,51,6590.0,4608,44,0,1938,51,6974.0,4787,18,10,2159,66,7267.0,4726,8,0,2533,87,7002.0,4787,0,16,2199,77
"Charlotte, NC",18537.0,11306,56,75,7100,238,19543.0,12389,80,198,6876,236,20574.0,14041,88,17,6428,164,22869.0,15247,72,42,7508,188,26209.0,16407,118,44,9640,227
"Charlottesville, VA",873.0,706,18,0,149,7,989.0,757,14,0,218,13,1234.0,886,8,0,340,29,1276.0,963,0,0,313,18,1615.0,1028,18,0,569,22
"Chattanooga, TN",2346.0,1226,24,10,1086,31,2093.0,1532,6,17,538,29,2487.0,1725,58,22,682,19,2631.0,1928,22,20,661,9,2227.0,1971,68,30,158,5
"Cheyenne, WY",403.0,305,0,3,95,1,440.0,388,0,52,0,0,476.0,433,0,10,33,1,573.0,389,6,76,102,6,539.0,391,0,51,97,8
"Chicago, IL",15679.0,7723,124,439,7393,201,15813.0,7676,192,600,7345,216,19941.0,8032,192,685,11032,327,22132.0,8416,238,786,12692,355,17681.0,8546,318,631,8186,293
"Chico, CA",550.0,355,6,6,183,20,621.0,356,14,36,215,17,697.0,445,0,39,213,17,823.0,457,8,3,355,16,703.0,595,22,12,74,7
"Cincinnati, OH",5206.0,3218,28,137,1823,102,4661.0,3477,40,108,1036,77,5867.0,3938,154,110,1665,85,6465.0,4440,20,125,1880,98,6076.0,4282,66,133,1595,83
"Clarksville, TN",1507.0,1276,36,51,144,15,1342.0,1132,64,16,130,10,1679.0,1316,72,77,214,28,1813.0,1558,52,43,160,24,1803.0,1516,18,116,153,22
"Cleveland, TN",689.0,419,20,84,166,8,732.0,439,12,66,215,7,532.0,465,26,41,0,0,639.0,519,20,50,50,5,676.0,608,28,40,0,0
"Cleveland, OH",2900.0,2256,44,81,519,31,2938.0,2533,48,28,329,26,3053.0,2618,50,44,341,35,3227.0,2749,62,137,279,19,2981.0,2733,56,89,103,13
"Coeur dAlene, ID",1047.0,820,54,0,173,23,1414.0,1090,28,12,284,30,1666.0,1296,18,4,348,25,1778.0,1415,14,3,346,32,2210.0,1658,20,12,520,23
"College Station, TX",1803.0,972,32,36,763,28,1712.0,1209,94,63,346,25,2860.0,1218,196,118,1328,60,3083.0,1155,118,32,1778,59,1856.0,1023,18,11,804,28
"Colorado Springs, CO",3673.0,2662,28,0,983,42,3665.0,3022,4,8,631,17,5166.0,3610,8,0,1548,50,4965.0,3852,4,3,1106,27,5734.0,4229,8,24,1473,61
"Columbia, MO",1414.0,663,38,27,686,20,1433.0,771,26,13,623,20,1304.0,863,20,4,417,11,1634.0,769,14,0,851,27,557.0,555,2,0,0,0
"Columbia, SC",4067.0,3300,4,3,760,36,4642.0,3678,62,4,898,32,4627.0,3916,0,0,711,38,4629.0,4072,8,0,549,21,4952.0,4478,28,0,446,24
"Columbus, GA",955.0,703,0,24,228,16,1244.0,604,2,0,638,25,709.0,581,6,20,102,19,917.0,669,2,26,220,25,1004.0,747,0,35,222,26
"Columbus, IN",254.0,254,0,0,0,0,233.0,233,0,0,0,0,300.0,300,0,0,0,0,204.0,204,0,0,0,0,170.0,170,0,0,0,0
"Columbus, OH",7044.0,3497,100,243,3204,189,7555.0,3523,72,258,3702,159,8637.0,4157,50,278,4152,187,8892.0,4295,42,116,4439,203,9440.0,4493,162,174,4611,205
"Corpus Christi, TX",2864.0,1667,6,11,1180,70,2153.0,1607,4,148,394,22,1910.0,1631,8,19,252,10,1186.0,1178,4,4,0,0,1727.0,1711,2,8,6,1
"Corvallis, OR",451.0,119,22,0,310,31,142.0,138,4,0,0,0,195.0,149,10,3,33,2,136.0,116,4,16,0,0,622.0,103,4,17,498,38
"Crestview, FL",1666.0,1564,2,8,92,4,2027.0,1777,14,108,128,3,2529.0,2140,6,8,375,16,2471.0,2076,6,79,310,7,2385.0,2087,4,156,138,14
"Cumberland, MD",57.0,52,0,0,5,1,84.0,55,0,0,29,1,85.0,69,0,0,16,2,50.0,50,0,0,0,0,67.0,67,0,0,0,0
"Dallas, TX",41418.0,22550,182,166,18520,426,57146.0,29038,226,276,27606,538,55800.0,29703,266,314,25517,476,62524.0,34604,296,231,27393,555,63893.0,36832,354,484,26223,617
"Dalton, GA",121.0,115,0,0,6,1,159.0,149,0,0,10,1,173.0,164,0,0,9,1,343.0,227,0,0,116,8,321.0,288,4,13,16,1
"Danville, IL",6.0,6,0,0,0,0,10.0,10,0,0,0,0,10.0,10,0,0,0,0,104.0,54,0,0,50,1,65.0,11,2,12,40,1
"Daphne, AL",1384.0,1364,16,4,0,0,2203.0,1622,22,109,450,31,2520.0,2137,34,137,212,17,2417.0,2207,92,98,20,3,3047.0,2459,6,12,570,28
"Davenport, IA",655.0,458,66,15,116,4,751.0,431,8,14,298,24,647.0,482,6,10,149,10,750.0,443,4,18,285,8,559.0,490,0,14,55,3
"Dayton, OH",779.0,743,30,6,0,0,980.0,857,20,21,82,13,1282.0,957,2,0,323,23,1251.0,1083,2,0,166,11,1577.0,1138,18,0,421,22
"Decatur, AL",136.0,136,0,0,0,0,139.0,131,0,8,0,0,194.0,190,4,0,0,0,160.0,160,0,0,0,0,152.0,152,0,0,0,0
"Decatur, IL",53.0,41,0,0,12,1,47.0,45,2,0,0,0,56.0,56,0,0,0,0,39.0,39,0,0,0,0,37.0,35,2,0,0,0
"Deltona, FL",1921.0,1749,2,0,170,8,2047.0,1903,2,0,142,9,2696.0,2280,12,0,404,12,3054.0,2908,120,0,26,1,3859.0,3382,164,4,309,11
"Denver, CO",15767.0,8064,310,61,7332,164,18326.0,9324,166,158,8678,130,21947.0,10247,392,94,11214,252,22735.0,10978,238,128,11391,182,21729.0,11808,200,158,9563,241
"Des Moines, IA",4436.0,2952,38,23,1423,58,5707.0,3374,302,15,2016,64,6697.0,3760,34,12,2891,74,6367.0,3697,36,11,2623,63,4923.0,3233,66,0,1624,37
"Detroit, MI",6295.0,4830,60,200,1205,69,7304.0,5192,92,149,1871,127,7659.0,5711,182,120,1646,115,10089.0,6838,48,284,2919,167,7163.0,6131,60,171,801,78
"Dothan, AL",336.0,223,0,0,113,2,327.0,311,4,0,12,1,360.0,354,0,0,6,1,390.0,388,2,0,0,0,414.0,359,0,0,55,2
"Dover, DE",998.0,912,2,12,72,3,1061.0,827,6,8,220,21,1276.0,1124,4,4,144,9,1554.0,1153,14,20,367,28,1459.0,1321,14,3,121,14
"Dubuque, IA",276.0,248,10,0,18,1,255.0,237,12,0,6,1,368.0,266,18,0,84,2,241.0,221,20,0,0,0,322.0,228,20,3,71,3
"Duluth, MN",598.0,436,12,12,138,11,841.0,467,6,0,368,3,621.0,526,8,0,87,4,665.0,508,4,0,153,3,736.0,535,8,4,189,11
"Durham, NC",2587.0,2167,2,0,418,17,4411.0,2616,74,12,1709,69,4382.0,2951,20,8,1403,54,4924.0,3268,18,0,1638,53,5416.0,3289,68,0,2059,50
"East Stroudsburg, PA",153.0,153,0,0,0,0,152.0,152,0,0,0,0,246.0,246,0,0,0,0,248.0,248,0,0,0,0,186.0,186,0,0,0,0
"Eau Claire, WI",463.0,343,24,12,84,13,677.0,400,38,13,226,15,763.0,439,88,24,212,15,568.0,422,88,4,54,6,762.0,486,96,56,124,12
"El Centro, CA",246.0,185,4,3,54,5,293.0,112,4,3,174,16,215.0,213,2,0,0,0,191.0,179,4,8,0,0,400.0,274,2,0,124,12
"El Paso, TX",3043.0,2260,58,176,549,34,4491.0,2518,64,40,1869,112,3054.0,2219,90,71,674,77,3277.0,2373,48,187,669,34,2416.0,1751,154,30,481,48
"Elizabethtown, KY",492.0,292,30,4,166,19,308.0,280,28,0,0,0,467.0,318,8,12,129,21,507.0,415,72,20,0,0,458.0,390,34,0,34,5
"Elkhart, IN",270.0,270,0,0,0,0,309.0,307,2,0,0,0,354.0,348,6,0,0,0,560.0,366,2,4,188,16,351.0,351,0,0,0,0
"Elmira, NY",61.0,55,6,0,0,0,78.0,46,0,0,32,4,41.0,41,0,0,0,0,101.0,27,12,0,62,2,186.0,25,10,0,151,3
"Erie, PA",321.0,166,42,10,103,5,267.0,192,8,7,60,2,338.0,176,14,0,148,6,265.0,215,0,0,50,3,305.0,176,6,4,119,7
"Eugene, OR",1316.0,506,26,11,773,40,721.0,578,28,50,65,8,1174.0,736,22,0,416,15,842.0,821,14,7,0,0,1389.0,814,60,8,507,34
"Evansville, IN",727.0,568,42,11,106,5,763.0,579,28,0,156,10,947.0,633,50,12,252,10,921.0,618,40,4,259,13,596.0,536,42,8,10,1
"Fairbanks, AK",54.0,54,0,0,0,0,7.0,7,0,0,0,0,11.0,11,0,0,0,0,15.0,7,0,8,0,0,13.0,13,0,0,0,0
"Fargo, ND",3766.0,1242,4,24,2496,64,2719.0,1359,4,19,1337,46,2479.0,1192,40,35,1212,47,1891.0,1065,0,0,826,15,2313.0,1080,4,8,1221,35
"Farmington, NM",173.0,173,0,0,0,0,118.0,118,0,0,0,0,104.0,102,2,0,0,0,91.0,91,0,0,0,0,71.0,67,4,0,0,0
"Fayetteville, NC",1089.0,1012,0,0,77,3,1386.0,889,2,0,495,20,953.0,833,8,0,112,9,935.0,874,0,0,61,9,819.0,803,16,0,0,0
"Fayetteville, AR",3353.0,2388,36,3,926,46,3793.0,2817,34,4,938,58,4421.0,3508,156,7,750,45,4729.0,3528,148,61,992,57,5570.0,3836,90,100,1544,68
"Flagstaff, AZ",560.0,290,6,0,264,3,566.0,333,4,0,229,18,647.0,401,6,0,240,6,697.0,434,0,3,260,3,665.0,657,4,4,0,0
"Flint, MI",343.0,271,2,0,70,5,413.0,345,18,0,50,5,374.0,322,4,0,48,4,434.0,404,10,0,20,1,630.0,435,8,20,167,5
"Florence, SC",379.0,331,8,0,40,4,424.0,418,6,0,0,0,495.0,432,24,15,24,1,1021.0,511,0,0,510,30,562.0,521,10,3,28,3
"Florence, AL",197.0,174,0,0,23,4,338.0,206,16,0,116,17,315.0,237,6,0,72,12,775.0,257,0,0,518,18,335.0,254,6,12,63,8
"Fond du Lac, WI",240.0,106,22,0,112,7,195.0,140,4,0,51,4,365.0,152,0,0,213,13,185.0,185,0,0,0,0,275.0,149,0,0,126,3
"Fort Collins, CO",2498.0,1627,78,15,778,45,2434.0,1720,50,16,648,29,3532.0,1622,36,61,1813,115,2935.0,2027,20,15,873,43,2944.0,1679,48,26,1191,48
"Fort Smith, AR",604.0,371,86,19,128,8,466.0,328,126,12,0,0,703.0,399,172,36,96,6,721.0,380,148,17,176,22,598.0,399,150,49,0,0
"Fort Wayne, IN",1245.0,883,48,4,310,37,1355.0,990,22,15,328,25,1536.0,1076,82,0,378,27,1722.0,1222,72,0,428,17,1884.0,1343,54,4,483,30
"Fresno, CA",1892.0,1611,4,15,262,30,2322.0,2053,4,3,262,24,2904.0,2553,30,45,276,33,2933.0,1796,94,18,1025,107,2929.0,2213,48,35,633,61
"Gadsden, AL",79.0,79,0,0,0,0,83.0,83,0,0,0,0,97.0,97,0,0,0,0,112.0,112,0,0,0,0,104.0,104,0,0,0,0
"Gainesville, FL",799.0,536,0,0,263,20,1214.0,623,10,0,581,33,1110.0,609,0,0,501,26,2269.0,684,0,0,1585,26,1569.0,753,2,3,811,7
"Gainesville, GA",722.0,714,8,0,0,0,946.0,906,4,12,24,4,1578.0,1033,0,15,530,19,1363.0,1184,2,17,160,6,1778.0,1159,12,33,574,21
"Gettysburg, PA",272.0,222,0,10,40,8,240.0,218,0,4,18,3,347.0,347,0,0,0,0,249.0,249,0,0,0,0,224.0,224,0,0,0,0
"Glens Falls, NY",368.0,260,0,34,74,10,381.0,203,6,4,168,9,359.0,216,0,11,132,8,264.0,260,4,0,0,0,227.0,225,2,0,0,0
"Goldsboro, NC",257.0,257,0,0,0,0,248.0,244,4,0,0,0,269.0,260,4,0,5,1,280.0,272,8,0,0,0,275.0,269,6,0,0,0
"Grand Forks, ND",999.0,314,0,0,685,14,529.0,245,4,0,280,6,443.0,211,0,0,232,5,417.0,227,4,0,186,4,355.0,254,10,0,91,2
"Grand Island, NE",304.0,248,20,6,30,1,300.0,222,22,0,56,2,386.0,197,10,3,176,11,282.0,196,6,8,72,2,205.0,166,10,13,16,3
"Grand Junction, CO",504.0,452,12,0,40,6,486.0,446,0,0,40,1,597.0,498,8,0,91,2,755.0,665,8,4,78,2,830.0,822,8,0,0,0
"Grand Rapids, MI",3171.0,2273,62,13,823,44,3672.0,2495,56,15,1106,58,4717.0,2649,44,75,1949,83,4839.0,2953,18,44,1824,83,3854.0,2749,88,114,903,49
"Grants Pass, OR",149.0,145,4,0,0,0,237.0,173,14,0,50,8,213.0,209,4,0,0,0,250.0,228,22,0,0,0,227.0,204,20,3,0,0
"Great Falls, MT",463.0,155,18,12,278,9,226.0,152,14,12,48,2,242.0,153,2,3,84,3,205.0,197,8,0,0,0,144.0,132,0,0,12,1
"Greeley, CO",2708.0,1995,2,24,687,51,3186.0,2624,16,26,520,48,3009.0,2463,22,41,483,45,3646.0,2777,8,189,672,50,4107.0,3194,8,65,840,43
"Green Bay, WI",1004.0,641,22,6,335,35,1018.0,656,30,6,326,25,1008.0,804,30,4,170,12,1176.0,828,30,3,315,26,1201.0,766,22,0,413,41
"Greensboro, NC",2632.0,1470,2,0,1160,49,2212.0,1658,0,0,554,28,2735.0,1635,8,0,1092,53,3055.0,2012,22,12,1009,28,2224.0,1949,22,4,249,9
"Greenville, NC",905.0,335,42,0,528,18,538.0,352,64,0,122,2,861.0,466,56,0,339,21,1137.0,603,86,0,448,8,1150.0,610,118,59,363,11
"Greenville, SC",4479.0,3306,12,22,1139,44,5896.0,3782,20,12,2082,79,5753.0,4237,26,24,1466,34,5299.0,4458,12,29,800,39,6430.0,5254,12,11,1153,35
"Gulfport, MS",1954.0,1386,22,62,484,30,1712.0,1506,18,51,137,15,1776.0,1614,26,39,97,10,1938.0,1799,14,28,97,13,2159.0,1921,18,31,189,24
"Hagerstown, MD",975.0,783,0,24,168,15,978.0,828,10,8,132,10,955.0,946,6,3,0,0,1257.0,1171,2,0,84,6,1393.0,1363,6,0,24,1
"Hammond, LA",592.0,577,10,0,5,1,627.0,621,6,0,0,0,698.0,684,14,0,0,0,983.0,796,20,0,167,8,1322.0,932,18,0,372,16
"Hanford, CA",434.0,274,0,0,160,19,591.0,401,0,0,190,24,605.0,518,0,0,87,9,272.0,272,0,0,0,0,352.0,294,2,56,0,0
"Harrisburg, PA",1602.0,1201,4,0,397,22,1615.0,1195,4,11,405,26,1627.0,1239,6,19,363,24,1564.0,1270,20,36,238,19,2013.0,1344,2,65,602,36
"Harrisonburg, VA",404.0,324,20,0,60,6,406.0,401,2,3,0,0,644.0,620,0,0,24,2,452.0,446,0,0,6,1,483.0,450,0,0,33,1
"Hartford, CT",1393.0,754,48,93,498,41,1582.0,788,20,14,760,46,2065.0,872,30,33,1130,70,1507.0,761,24,15,707,57,1587.0,807,14,14,752,58
"Hattiesburg, MS",166.0,55,10,101,0,0,212.0,122,0,0,90,8,174.0,101,4,28,41,7,134.0,134,0,0,0,0,106.0,102,4,0,0,0
"Hickory, NC",594.0,454,18,0,122,6,805.0,538,26,0,241,17,655.0,587,24,0,44,6,880.0,725,10,0,145,14,1336.0,893,36,0,407,29
"Hilton Head Island, SC",1426.0,1426,0,0,0,0,2102.0,1688,0,0,414,22,1784.0,1675,0,0,109,11,2275.0,2034,0,0,241,15,2336.0,2308,0,4,24,2
"Hinesville, GA",242.0,198,0,8,36,1,545.0,467,2,4,72,5,417.0,417,0,0,0,0,505.0,443,2,8,52,7,398.0,398,0,0,0,0
"Homosassa Springs, FL",233.0,233,0,0,0,0,378.0,354,2,0,22,3,516.0,371,26,0,119,3,546.0,433,22,0,91,10,884.0,884,0,0,0,0
"Hot Springs, AR",43.0,43,0,0,0,0,59.0,59,0,0,0,0,45.0,45,0,0,0,0,38.0,38,0,0,0,0,91.0,51,0,0,40,4
"Houma, LA",664.0,634,6,4,20,1,663.0,613,30,20,0,0,682.0,458,4,3,217,9,437.0,431,6,0,0,0,505.0,475,22,8,0,0
"Houston, TX",63741.0,38315,146,236,25044,845,56901.0,36786,220,97,19798,646,44732.0,35367,160,151,9054,260,42395.0,36348,198,127,5722,140,57288.0,40321,254,106,16607,410
"Huntington, WV",358.0,230,12,45,71,4,291.0,200,8,72,11,2,250.0,196,6,16,32,2,264.0,234,10,12,8,1,260.0,224,10,15,11,2
"Huntsville, AL",2817.0,1784,16,34,983,57,2607.0,2121,4,16,466,21,2992.0,2320,0,0,672,28,2959.0,2577,2,0,380,6,2941.0,2870,0,36,35,6
"Idaho Falls, ID",482.0,474,8,0,0,0,862.0,682,12,0,168,5,881.0,833,12,0,36,1,1185.0,903,0,0,282,12,1037.0,990,2,35,10,2
"Indianapolis, IN",8006.0,4965,110,141,2790,137,8735.0,5172,106,98,3359,201,7773.0,5828,224,90,1631,80,9079.0,6755,154,43,2127,97,8894.0,7291,118,9,1476,46
"Iowa City, IA",1104.0,641,6,26,431,22,1327.0,483,80,57,707,20,1921.0,595,66,65,1195,27,1327.0,638,8,57,624,16,1367.0,511,106,48,702,19
"Ithaca, NY",301.0,140,14,0,147,19,279.0,138,32,0,109,14,575.0,121,42,6,406,11,468.0,115,26,0,327,11,805.0,155,24,0,626,37
"Jackson, MI",89.0,89,0,0,0,0,117.0,111,2,4,0,0,136.0,136,0,0,0,0,193.0,183,0,0,10,1,172.0,156,0,16,0,0
"Jackson, MS",1962.0,1954,0,8,0,0,1569.0,1569,0,0,0,0,1673.0,1669,0,4,0,0,1743.0,1671,16,16,40,1,1341.0,1325,4,12,0,0
"Jackson, TN",205.0,205,0,0,0,0,214.0,206,0,0,8,1,278.0,270,0,8,0,0,440.0,268,2,50,120,4,280.0,280,0,0,0,0
"Jacksonville, FL",7781.0,6299,82,187,1213,53,9671.0,7253,38,60,2320,81,11768.0,8597,108,43,3020,92,12959.0,9833,64,51,3011,79,15450.0,10755,30,89,4576,138
"Jacksonville, NC",1081.0,1045,20,4,12,2,894.0,856,8,16,14,2,803.0,785,0,0,18,3,1005.0,917,22,4,62,4,1036.0,1018,18,0,0,0
"Janesville, WI",143.0,123,20,0,0,0,216.0,184,32,0,0,0,257.0,229,28,0,0,0,378.0,242,28,0,108,6,340.0,310,30,0,0,0
"Jefferson City, MO",240.0,171,24,45,0,0,270.0,166,24,62,18,1,322.0,162,24,40,96,14,322.0,243,8,20,51,7,249.0,225,16,8,0,0
"Johnson City, TN",706.0,458,0,0,248,10,689.0,547,4,7,131,12,533.0,458,0,18,57,8,696.0,638,4,0,54,4,635.0,458,16,0,161,6
"Johnstown, PA",61.0,59,2,0,0,0,47.0,47,0,0,0,0,164.0,164,0,0,0,0,83.0,81,2,0,0,0,66.0,66,0,0,0,0
"Jonesboro, AR",680.0,377,48,93,162,18,482.0,402,36,44,0,0,1028.0,569,54,140,265,13,866.0,512,76,184,94,7,843.0,551,76,117,99,12
"Joplin, MO",408.0,332,24,4,48,1,531.0,445,30,8,48,7,422.0,383,30,3,6,1,765.0,445,56,55,209,22,640.0,457,36,32,115,15
"Kahului, HI",338.0,324,14,0,0,0,502.0,332,24,28,118,17,567.0,256,88,27,196,23,861.0,489,40,16,316,34,838.0,372,28,28,410,33
"Kalamazoo, MI",561.0,511,10,4,36,2,623.0,501,46,28,48,2,724.0,563,32,0,129,5,1036.0,579,34,12,411,22,579.0,471,34,0,74,3
"Kankakee, IL",127.0,115,4,0,8,1,89.0,89,0,0,0,0,86.0,86,0,0,0,0,198.0,88,0,8,102,5,157.0,101,0,0,56,1
"Kansas City, MO",8201.0,4170,156,237,3638,112,8954.0,4547,206,280,3921,146,10389.0,5292,126,531,4440,104,9851.0,5951,190,506,3204,133,10268.0,5608,258,388,4014,125
"Kennewick, WA",1264.0,1078,48,20,118,9,1464.0,1221,2,4,237,16,1887.0,1448,48,20,371,11,1809.0,1457,64,0,288,7,1901.0,1558,44,9,290,10
"Killeen, TX",2371.0,2115,170,12,74,12,2310.0,1840,386,4,80,7,2328.0,1782,252,4,290,16,2456.0,1789,262,0,405,25,2460.0,2070,272,0,118,6
"Kingsport, TN",340.0,316,4,4,16,1,705.0,419,8,0,278,24,992.0,379,8,48,557,36,788.0,469,28,4,287,5,556.0,503,30,6,17,3
"Kingston, NY",289.0,161,10,0,118,8,307.0,148,10,4,145,11,252.0,148,4,4,96,14,336.0,201,8,8,119,16,252.0,193,2,4,53,10
"Knoxville, TN",3109.0,2095,14,0,1000,33,3060.0,2592,4,0,464,15,3637.0,2917,6,4,710,15,4574.0,3372,6,0,1196,57,4413.0,3690,8,44,671,26
"Kokomo, IN",140.0,98,28,4,10,1,441.0,166,142,0,133,3,318.0,116,4,0,198,1,92.0,90,2,0,0,0,349.0,277,22,0,50,1
"La Crosse, WI",298.0,243,22,21,12,2,497.0,233,36,3,225,12,281.0,259,22,0,0,0,432.0,278,12,4,138,8,594.0,191,30,4,369,12
"Lafayette, LA",2362.0,2224,0,13,125,6,2483.0,1973,12,20,478,14,1698.0,1518,52,28,100,5,1771.0,1746,6,19,0,0,1687.0,1657,0,24,6,1
"Lafayette, IN",1081.0,596,0,17,468,28,527.0,475,24,0,28,1,627.0,495,26,0,106,8,976.0,567,26,0,383,4,1818.0,499,2,4,1313,21
"Lake Charles, LA",1302.0,619,84,3,596,34,1034.0,788,178,32,36,4,1563.0,926,106,6,525,28,1898.0,1052,72,17,757,28,1391.0,1063,48,16,264,11
"Lake Havasu City, AZ",535.0,521,14,0,0,0,636.0,626,10,0,0,0,683.0,657,26,0,0,0,913.0,889,18,6,0,0,1018.0,945,58,15,0,0
"Lakeland, FL",2559.0,2547,12,0,0,0,3039.0,3003,8,0,28,4,4567.0,3424,6,3,1134,52,4604.0,4542,52,0,10,1,5331.0,5331,0,0,0,0
"Lancaster, PA",1109.0,970,32,6,101,9,1154.0,968,18,0,168,12,1287.0,1013,16,18,240,17,1436.0,979,18,54,385,25,1251.0,966,40,28,217,23
"Lansing, MI",755.0,455,2,4,294,16,1056.0,496,2,18,540,14,1225.0,521,8,14,682,22,907.0,533,10,20,344,17,825.0,453,4,8,360,17
"Laredo, TX",1719.0,954,2,28,735,15,1848.0,1032,0,27,789,15,1158.0,945,32,14,167,14,1331.0,1061,22,6,242,18,1375.0,1078,76,34,187,27
"Las Cruces, NM",617.0,606,0,0,11,1,760.0,719,2,28,11,1,770.0,757,2,0,11,1,1126.0,803,0,7,316,29,965.0,843,2,0,120,15
"Las Vegas, NV",10036.0,6809,26,95,3106,183,10605.0,7805,32,21,2747,201,13577.0,8805,18,27,4727,225,14073.0,9812,42,171,4048,161,12044.0,9721,22,30,2271,153
"Lawrence, KS",347.0,178,8,0,161,7,839.0,372,0,9,458,4,1395.0,261,2,4,1128,68,306.0,288,10,0,8,1,823.0,419,12,0,392,23
"Lawton, OK",114.0,92,14,8,0,0,100.0,96,4,0,0,0,100.0,90,6,4,0,0,84.0,82,2,0,0,0,68.0,68,0,0,0,0
"Lebanon, PA",348.0,285,6,0,57,6,384.0,347,0,0,37,2,432.0,414,0,0,18,3,366.0,283,8,4,71,10,299.0,278,12,3,6,1
"Lewiston, ID",90.0,59,4,3,24,2,139.0,63,4,0,72,6,108.0,93,12,3,0,0,125.0,97,4,0,24,1,120.0,108,12,0,0,0
"Lewiston, ME",91.0,91,0,0,0,0,74.0,74,0,0,0,0,185.0,143,4,3,35,4,252.0,169,6,0,77,4,300.0,177,6,0,117,6
"Lexington, KY",1888.0,1319,26,37,506,24,2206.0,1381,26,22,777,41,2732.0,1480,28,24,1200,52,2326.0,1602,64,26,634,27,2772.0,1404,64,24,1280,48
"Lima, OH",61.0,55,2,4,0,0,77.0,64,0,13,0,0,76.0,62,8,6,0,0,224.0,66,10,16,132,22,86.0,76,10,0,0,0
"Lincoln, NE",1994.0,1052,8,0,934,27,2548.0,1090,4,0,1454,42,2384.0,1143,28,3,1210,31,2508.0,1271,34,0,1203,33,1804.0,1117,28,7,652,18
"Little Rock, AR",2082.0,1514,60,23,485,7,2699.0,1487,52,18,1142,54,2327.0,1649,70,11,597,50,3215.0,2087,42,19,1067,33,2174.0,1819,58,3,294,18
"Logan, UT",784.0,415,0,53,316,24,614.0,368,0,53,193,20,897.0,662,0,78,157,15,1373.0,811,0,120,442,29,1211.0,712,2,143,354,50
"Longview, TX",290.0,213,30,11,36,3,248.0,221,8,4,15,1,164.0,164,0,0,0,0,187.0,167,12,8,0,0,259.0,183,2,0,74,3
"Longview, WA",178.0,160,12,0,6,1,178.0,168,10,0,0,0,308.0,273,12,23,0,0,484.0,464,20,0,0,0,318.0,294,8,16,0,0
"Los Angeles, CA",26950.0,8300,582,312,17756,485,34034.0,8447,862,454,24271,550,32114.0,9379,912,610,21213,529,31084.0,10587,1274,495,18728,524,29524.0,10042,1528,522,17432,506
"Louisville, KY",4011.0,2390,82,8,1531,204,3979.0,2734,62,80,1103,67,5149.0,3127,24,16,1982,87,5785.0,3446,22,52,2265,96,5513.0,3104,10,30,2369,101
"Lubbock, TX",2136.0,975,60,0,1101,92,1856.0,958,64,8,826,56,2648.0,1279,106,36,1227,74,2388.0,1613,6,3,766,104,1481.0,1402,6,4,69,5
"Lynchburg, VA",921.0,576,4,3,338,12,797.0,591,2,3,201,9,663.0,564,0,0,99,4,770.0,492,6,9,263,7,430.0,271,10,6,143,11
"Macon, GA",218.0,218,0,0,0,0,317.0,245,0,72,0,0,236.0,236,0,0,0,0,320.0,320,0,0,0,0,397.0,391,0,0,6,1
"Madera, CA",214.0,210,0,4,0,0,211.0,211,0,0,0,0,300.0,300,0,0,0,0,415.0,415,0,0,0,0,503.0,503,0,0,0,0
"Madison, WI",3805.0,1243,52,41,2469,59,3498.0,1406,58,82,1952,45,4953.0,1613,122,88,3130,71,4632.0,1656,90,48,2838,75,3652.0,1623,114,70,1845,49
"Manchester, NH",968.0,464,24,0,480,11,921.0,557,20,4,340,10,1097.0,701,38,0,358,10,1033.0,717,36,16,264,15,1406.0,709,62,22,613,22
"Manhattan, KS",514.0,407,8,20,79,4,496.0,340,10,0,146,10,962.0,297,8,0,657,35,381.0,304,2,4,71,4,241.0,233,0,8,0,0
"Mankato, MN",430.0,232,18,0,180,11,808.0,245,6,136,421,22,404.0,245,4,4,151,4,516.0,342,4,8,162,3,487.0,273,6,8,200,4
"Mansfield, OH",61.0,61,0,0,0,0,62.0,62,0,0,0,0,69.0,54,0,7,8,1,77.0,70,0,7,0,0,80.0,61,0,19,0,0
"McAllen, TX",3473.0,2840,178,245,210,12,4306.0,2929,278,107,992,45,4568.0,2921,158,434,1055,37,4297.0,2698,168,678,753,34,4642.0,2959,610,344,729,17
"Medford, OR",747.0,590,10,15,132,15,717.0,604,20,11,82,5,912.0,727,4,23,158,15,805.0,724,18,16,47,5,933.0,681,14,0,238,23
"Memphis, TN",3154.0,2539,4,4,607,11,3951.0,2573,8,0,1370,40,4354.0,3002,8,28,1316,39,3860.0,3193,46,44,577,18,4492.0,3185,2,0,1305,12
"Merced, CA",169.0,163,6,0,0,0,232.0,228,4,0,0,0,720.0,611,0,0,109,9,550.0,546,4,0,0,0,630.0,630,0,0,0,0
"Miami, FL",15259.0,5791,128,68,9272,256,23450.0,7142,74,175,16059,403,18742.0,6705,170,133,11734,312,19723.0,6655,176,95,12797,258,19553.0,7022,242,386,11903,289
"Michigan City, IN",125.0,101,0,0,24,2,159.0,99,10,0,50,1,108.0,92,12,4,0,0,157.0,147,4,0,6,1,140.0,134,6,0,0,0
"Midland, MI",262.0,107,18,0,137,3,130.0,108,22,0,0,0,201.0,109,92,0,0,0,142.0,118,24,0,0,0,88.0,84,4,0,0,0
"Midland, TX",1556.0,920,0,0,636,26,1030.0,766,0,0,264,12,676.0,636,0,40,0,0,766.0,766,0,0,0,0,1227.0,1227,0,0,0,0
"Milwaukee, WI",2355.0,1257,48,32,1018,44,3001.0,1369,44,0,1588,47,3992.0,1650,38,12,2292,66,3644.0,1559,110,0,1975,40,3769.0,1712,148,3,1906,39
"Minneapolis, MN",11425.0,6689,42,85,4609,70,11673.0,6770,62,65,4776,64,14160.0,7889,68,97,6106,90,15100.0,8782,128,108,6082,68,18206.0,8985,110,115,8996,125
"Missoula, MT",578.0,227,10,94,247,11,574.0,292,10,15,257,11,930.0,361,20,19,530,18,972.0,395,40,22,515,25,689.0,459,32,38,160,8
"Mobile, AL",746.0,746,0,0,0,0,907.0,648,10,0,249,25,1195.0,754,12,21,408,15,998.0,660,6,0,332,8,783.0,763,0,0,20,2
"Modesto, CA",454.0,404,0,0,50,1,413.0,413,0,0,0,0,573.0,573,0,0,0,0,719.0,644,8,0,67,1,759.0,684,10,0,65,1
"Monroe, LA",726.0,504,144,27,51,8,605.0,555,4,21,25,5,670.0,566,14,38,52,10,752.0,660,2,45,45,9,490.0,425,10,23,32,6
"Monroe, MI",239.0,239,0,0,0,0,291.0,243,4,0,44,6,511.0,269,12,8,222,16,450.0,298,8,0,144,4,492.0,265,2,4,221,6
"Montgomery, AL",1129.0,737,2,0,390,23,1099.0,764,0,16,319,20,805.0,716,0,0,89,8,761.0,761,0,0,0,0,654.0,654,0,0,0,0
"Morgantown, WV",101.0,16,0,10,75,2,166.0,24,2,3,137,3,21.0,19,2,0,0,0,77.0,25,0,0,52,1,266.0,21,0,0,245,1
"Morristown, TN",151.0,141,10,0,0,0,188.0,186,2,0,0,0,236.0,220,2,0,14,1,268.0,252,4,12,0,0,302.0,286,0,16,0,0
"Mount Vernon, WA",274.0,262,12,0,0,0,438.0,410,28,0,0,0,505.0,420,4,28,53,2,663.0,534,18,19,92,10,585.0,542,20,3,20,1
"Muncie, IN",98.0,54,0,0,44,1,46.0,46,0,0,0,0,124.0,82,0,20,22,3,72.0,68,4,0,0,0,52.0,52,0,0,0,0
"Muskegon, MI",181.0,172,6,3,0,0,241.0,241,0,0,0,0,233.0,233,0,0,0,0,257.0,257,0,0,0,0,233.0,221,0,0,12,1
"Myrtle Beach, SC",5446.0,5027,64,15,340,20,6154.0,5763,100,15,276,27,6525.0,6209,128,24,164,23,8587.0,7468,142,0,977,55,7446.0,6741,12,4,689,42
"Napa, CA",147.0,92,16,0,39,4,172.0,170,2,0,0,0,212.0,207,2,3,0,0,183.0,83,22,36,42,2,269.0,102,0,8,159,17
"Naples, FL",3610.0,2477,8,164,961,55,4060.0,3078,6,253,723,38,3829.0,2892,4,230,703,49,4194.0,2930,4,120,1140,47,4386.0,3253,8,78,1047,59
"Nashville, TN",14944.0,9075,66,28,5775,163,18291.0,11417,62,66,6746,173,20182.0,12830,76,77,7199,175,20631.0,13650,82,100,6799,238,19159.0,13470,22,77,5590,135
"New Bern, NC",264.0,264,0,0,0,0,435.0,315,0,0,120,5,292.0,292,0,0,0,0,295.0,295,0,0,0,0,389.0,389,0,0,0,0
"New Haven, CT",1140.0,484,14,36,606,35,1161.0,422,28,37,674,32,918.0,378,8,14,518,25,750.0,469,16,0,265,19,1166.0,406,48,18,694,22
"New Orleans, LA",2991.0,2440,140,63,348,4,2495.0,2093,54,6,342,3,2986.0,2494,96,25,371,16,2966.0,2720,142,6,98,6,3864.0,3046,174,22,622,12
"New York, NY",47984.0,11799,1338,1071,33776,1046,86424.0,11167,1366,1004,72887,1710,43231.0,10397,1702,769,30363,1036,50578.0,11289,1754,1139,36396,1129,49692.0,11077,1682,1061,35872,1120
"Niles, MI",184.0,184,0,0,0,0,208.0,168,0,12,28,1,312.0,246,2,0,64,2,237.0,224,0,0,13,2,302.0,237,2,0,63,3
"North Port, FL",5658.0,4174,36,254,1194,72,7141.0,4992,40,223,1886,82,8104.0,5814,54,264,1972,79,8179.0,5989,30,207,1953,77,10289.0,6383,36,93,3777,133
"Norwich, CT",646.0,288,6,12,340,13,531.0,238,2,4,287,11,330.0,258,40,4,28,3,295.0,226,16,0,53,5,666.0,297,12,0,357,8
"Ocala, FL",754.0,713,2,3,36,6,1055.0,1055,0,0,0,0,1428.0,1412,16,0,0,0,2246.0,1942,0,0,304,20,2817.0,2726,34,57,0,0
"Ocean City, NJ",638.0,447,164,17,10,2,614.0,453,134,9,18,2,642.0,479,132,21,10,2,809.0,542,186,3,78,8,643.0,449,148,12,34,2
"Odessa, TX",556.0,430,6,0,120,5,612.0,468,0,0,144,3,448.0,448,0,0,0,0,492.0,492,0,0,0,0,740.0,716,24,0,0,0
"Ogden, UT",2678.0,1990,24,124,540,32,3120.0,2319,22,123,656,60,3610.0,2376,16,160,1058,61,3534.0,2514,24,310,686,47,3672.0,2816,12,224,620,37
"Oklahoma City, OK",7870.0,5959,130,92,1689,78,6004.0,5518,196,4,286,11,6740.0,5039,158,50,1493,67,5419.0,5132,214,19,54,10,5730.0,5430,230,39,31,3
"Olympia, WA",1003.0,934,10,0,59,6,1020.0,881,6,8,125,7,2081.0,1084,24,37,936,45,1067.0,950,0,15,102,8,1750.0,912,6,39,793,21
"Omaha, NE",4192.0,2639,20,0,1533,63,4157.0,2973,12,7,1165,27,4240.0,2906,52,3,1279,37,4955.0,3158,18,7,1772,55,4788.0,2791,30,35,1932,45
"Orlando, FL",16115.0,9806,108,95,6106,210,20474.0,12038,132,86,8218,269,23254.0,14227,254,164,8609,286,19065.0,14431,220,136,4278,146,28882.0,16455,246,59,12122,309
"Oshkosh, WI",511.0,267,16,0,228,16,710.0,303,26,3,378,18,411.0,322,18,0,71,5,549.0,327,12,0,210,21,378.0,275,6,0,97,9
"Owensboro, KY",323.0,257,38,4,24,3,243.0,233,2,8,0,0,377.0,239,4,0,134,12,264.0,250,14,0,0,0,258.0,231,2,0,25,2
"Oxnard, CA",1314.0,536,0,91,687,37,1433.0,678,8,83,664,35,1609.0,669,16,70,854,60,2565.0,1070,0,120,1375,87,1204.0,625,26,31,522,39
"Palm Bay, FL",1286.0,1241,2,0,43,2,1918.0,1609,2,8,299,9,2915.0,2166,4,16,729,20,2753.0,2149,10,12,582,21,2958.0,2362,6,4,586,23
"Panama City, FL",693.0,687,2,4,0,0,988.0,808,4,8,168,7,1055.0,883,6,24,142,6,1786.0,984,44,11,747,41,1668.0,1104,94,19,451,37
"Parkersburg, WV",124.0,122,2,0,0,0,177.0,137,10,0,30,5,132.0,130,2,0,0,0,133.0,103,30,0,0,0,125.0,87,6,32,0,0
"Pensacola, FL",1825.0,1637,12,0,176,15,2634.0,2017,10,8,599,28,2873.0,2369,18,0,486,29,2609.0,2584,20,0,5,1,2568.0,2528,4,0,36,6
"Peoria, IL",890.0,835,2,0,53,1,502.0,424,20,0,58,4,350.0,326,24,0,0,0,257.0,247,6,4,0,0,334.0,228,8,0,98,2
"Philadelphia, PA",13631.0,6379,228,501,6523,384,12317.0,6548,258,451,5060,276,12245.0,7016,236,530,4463,220,13544.0,7233,342,429,5540,331,13156.0,6875,290,616,5375,259
"Phoenix, AZ",20341.0,11557,156,125,8503,349,22402.0,16621,168,186,5427,256,28583.0,18433,410,161,9579,259,29312.0,20471,302,212,8327,283,31343.0,23526,466,203,7148,223
"Pine Bluff, AR",55.0,39,0,0,16,1,31.0,21,10,0,0,0,46.0,32,14,0,0,0,74.0,36,2,0,36,3,30.0,20,10,0,0,0
"Pittsburgh, PA",4190.0,3082,82,69,957,32,5264.0,3293,90,138,1743,45,4403.0,3015,96,106,1186,31,4328.0,2988,64,152,1124,30,4037.0,2977,54,89,917,40
"Pittsfield, MA",177.0,137,0,0,40,1,214.0,106,0,0,108,4,191.0,95,0,0,96,3,194.0,90,0,11,93,2,262.0,87,0,0,175,4
"Pocatello, ID",162.0,142,0,20,0,0,190.0,168,2,20,0,0,202.0,202,0,0,0,0,223.0,203,0,20,0,0,404.0,372,4,28,0,0
"Port St. Lucie, FL",1394.0,1048,22,3,321,22,1601.0,1268,28,9,296,19,1937.0,1696,94,26,121,12,2287.0,2087,90,62,48,7,3970.0,2974,122,50,824,57
"Portland, ME",1696.0,1419,28,42,207,14,1980.0,1584,58,39,299,20,2397.0,1838,82,46,431,33,2517.0,1973,62,20,462,35,2624.0,1952,92,21,559,34
"Portland, OR",12356.0,5462,154,59,6681,187,13967.0,7102,192,119,6554,207,14729.0,7397,128,106,7098,256,15983.0,6211,188,80,9504,260,14180.0,6869,146,117,7048,211
"Prescott, AZ",968.0,948,8,4,8,1,1377.0,1120,12,17,228,9,1602.0,1366,22,0,214,17,1976.0,1493,54,12,417,21,2079.0,1696,56,18,309,18
"Providence, RI",1775.0,1441,52,73,209,20,1818.0,1482,88,56,192,12,2564.0,1662,90,129,683,25,2010.0,1722,104,24,160,8,1963.0,1553,142,59,209,11
"Provo, UT",5295.0,2679,28,167,2421,87,4549.0,3098,30,118,1303,66,5317.0,4429,88,44,756,71,7245.0,5090,48,428,1679,100,6841.0,5516,14,57,1254,68
"Pueblo, CO",157.0,157,0,0,0,0,282.0,200,20,0,62,3,282.0,265,4,0,13,2,368.0,352,6,0,10,2,479.0,479,0,0,0,0
"Punta Gorda, FL",610.0,610,0,0,0,0,1129.0,947,6,4,172,11,665.0,657,8,0,0,0,1297.0,1251,38,8,0,0,2068.0,1932,94,3,39,1
"Racine, WI",207.0,159,24,0,24,1,217.0,189,28,0,0,0,358.0,222,16,0,120,4,278.0,244,34,0,0,0,379.0,282,24,0,73,5
"Raleigh, NC",11647.0,7680,0,4,3963,93,11987.0,8694,22,4,3267,91,13514.0,9442,20,15,4037,101,14180.0,10752,6,26,3396,101,15950.0,11160,74,27,4689,128
"Rapid City, SD",671.0,524,10,3,134,8,798.0,572,0,0,226,9,971.0,540,0,4,427,14,779.0,560,26,16,177,11,834.0,532,24,20,258,13
"Reading, PA",458.0,322,0,24,112,6,416.0,343,2,0,71,5,436.0,366,0,7,63,11,411.0,399,12,0,0,0,600.0,380,0,4,216,6
"Redding, CA",242.0,240,2,0,0,0,375.0,321,0,4,50,7,400.0,349,4,0,47,7,382.0,382,0,0,0,0,306.0,306,0,0,0,0
"Reno, NV",2216.0,1507,12,11,686,62,2787.0,2000,14,0,773,44,3600.0,1868,72,50,1610,116,4564.0,2091,50,7,2416,156,4450.0,2255,20,20,2155,119
"Richmond, VA",4312.0,3181,40,85,1006,24,4875.0,3619,22,80,1154,37,4919.0,4003,26,113,777,68,7145.0,4614,6,175,2350,127,6061.0,4498,258,121,1184,31
"Riverside, CA",10166.0,7222,88,207,2649,210,9926.0,7816,116,114,1880,153,10921.0,8837,74,76,1934,147,14676.0,10955,170,277,3274,156,14809.0,11591,166,279,2773,233
"Roanoke, VA",511.0,425,14,0,72,4,763.0,408,2,4,349,12,542.0,380,8,0,154,3,592.0,424,2,0,166,3,515.0,432,2,0,81,1
"Rochester, MN",832.0,621,6,16,189,3,1776.0,658,8,3,1107,31,1737.0,744,12,4,977,13,1449.0,818,6,0,625,24,1816.0,690,16,0,1110,23
"Rochester, NY",1791.0,1269,58,36,428,19,2652.0,1381,54,145,1072,51,2067.0,1315,10,133,609,43,1778.0,1185,12,38,543,36,2206.0,1176,18,36,976,65
"Rockford, IL",150.0,134,4,12,0,0,134.0,90,44,0,0,0,213.0,193,16,4,0,0,235.0,228,4,3,0,0,265.0,209,46,10,0,0
"Rocky Mount, NC",216.0,202,14,0,0,0,263.0,249,14,0,0,0,316.0,236,16,0,64,6,215.0,215,0,0,0,0,235.0,235,0,0,0,0
"Rome, GA",75.0,70,0,0,5,1,93.0,89,0,4,0,0,226.0,102,0,0,124,2,157.0,157,0,0,0,0,210.0,198,0,12,0,0
"Sacramento, CA",4159.0,3694,10,32,423,20,6184.0,5175,88,16,905,38,7204.0,6135,122,8,939,35,9503.0,6815,92,0,2596,122,7873.0,6393,44,11,1425,53
"Saginaw, MI",214.0,104,40,10,60,2,382.0,156,62,3,161,5,281.0,149,50,3,79,1,335.0,182,46,15,92,1,333.0,179,56,24,74,1
"Salem, OR",944.0,712,20,4,208,20,1297.0,807,10,0,480,38,1478.0,814,42,12,610,49,1555.0,790,58,12,695,62,1684.0,1168,80,36,400,36
"Salinas, CA",361.0,236,2,0,123,13,587.0,315,2,0,270,22,627.0,471,4,23,129,9,776.0,534,2,13,227,16,732.0,571,6,14,141,8
"Salisbury, MD",2796.0,2237,144,64,351,32,3031.0,2512,138,63,318,33,3227.0,2668,190,103,266,28,3605.0,3032,218,81,274,31,3642.0,3271,126,95,150,22
"Salt Lake City, UT",5318.0,3159,38,111,2010,86,6755.0,3762,28,158,2807,63,8731.0,4351,52,111,4217,94,7367.0,4918,48,176,2225,87,8750.0,5391,258,239,2862,162
"San Angelo, TX",629.0,229,0,0,400,25,236.0,236,0,0,0,0,172.0,172,0,0,0,0,197.0,193,4,0,0,0,262.0,262,0,0,0,0
"San Antonio, TX",10332.0,6220,182,52,3878,174,7824.0,6478,82,78,1186,150,12241.0,6464,252,95,5430,216,12516.0,7535,270,115,4596,212,11497.0,8013,106,18,3360,151
"San Diego, CA",6875.0,2487,72,219,4097,163,9883.0,3222,54,229,6378,227,10791.0,2351,144,307,7989,238,10441.0,4056,138,560,5687,209,9834.0,3489,152,526,5667,282
"San Francisco, CA",10001.0,3716,82,77,6126,122,13386.0,4804,128,117,8337,215,14787.0,4967,78,157,9585,226,16952.0,4777,82,220,11873,288,17421.0,4048,154,259,12960,219
"San Jose, CA",10037.0,1861,10,149,8017,166,5788.0,1897,18,94,3779,135,6167.0,2099,14,110,3944,107,8539.0,2592,14,68,5865,162,8744.0,2466,22,20,6236,117
"San Luis Obispo, CA",983.0,812,18,19,134,17,821.0,692,4,0,125,18,853.0,583,4,22,244,16,1094.0,693,4,120,277,30,1050.0,692,4,75,279,33
"Santa Cruz, CA",291.0,172,0,15,104,13,335.0,202,0,13,120,16,489.0,223,0,16,250,20,407.0,218,4,22,163,19,426.0,238,4,30,154,19
"Santa Fe, NM",161.0,161,0,0,0,0,110.0,110,0,0,0,0,117.0,117,0,0,0,0,221.0,221,0,0,0,0,273.0,243,0,0,30,6
"Santa Maria, CA",755.0,372,26,6,351,16,1082.0,411,32,87,552,14,842.0,455,4,3,380,29,1280.0,832,4,33,411,24,928.0,631,120,16,161,12
"Santa Rosa, CA",663.0,419,4,8,232,14,621.0,431,2,38,150,16,919.0,621,8,36,254,22,1178.0,840,8,3,327,14,3279.0,3169,30,52,28,3
"Savannah, GA",2211.0,1857,6,0,348,44,2407.0,2357,2,0,48,3,1971.0,1769,8,0,194,11,2118.0,1898,8,0,212,19,3158.0,2080,4,8,1066,50
"Scranton, PA",2301.0,2113,14,92,82,6,831.0,800,0,20,11,2,1018.0,846,4,16,152,9,580.0,425,10,27,118,4,553.0,487,14,20,32,3
"Seattle, WA",21953.0,8665,528,359,12401,286,25008.0,8646,470,575,15317,291,25489.0,9425,478,501,15085,333,27334.0,9997,470,628,16239,409,28186.0,9134,632,824,17596,388
"Sebastian, FL",707.0,707,0,0,0,0,873.0,849,0,0,24,1,1018.0,970,0,9,39,2,1121.0,1112,0,9,0,0,1372.0,1312,0,18,42,4
"Sebring, FL",92.0,92,0,0,0,0,162.0,156,6,0,0,0,128.0,122,2,4,0,0,181.0,175,6,0,0,0,271.0,211,10,50,0,0
"Sheboygan, WI",111.0,87,4,0,20,3,123.0,101,4,0,18,3,307.0,164,8,3,132,12,390.0,154,14,14,208,19,191.0,177,6,0,8,1
"Sherman, TX",271.0,203,4,0,64,3,340.0,322,12,0,6,1,730.0,374,58,28,270,10,843.0,666,6,0,171,10,757.0,531,46,16,164,10
"Shreveport, LA",1719.0,1242,6,0,471,22,1107.0,1023,0,0,84,11,1186.0,984,0,0,202,16,1125.0,1125,0,0,0,0,1219.0,1219,0,0,0,0
"Sierra Vista, AZ",261.0,179,0,0,82,11,215.0,139,0,0,76,12,149.0,149,0,0,0,0,202.0,192,2,0,8,1,227.0,212,0,0,15,3
"Sioux City, IA",408.0,301,24,4,79,2,510.0,349,12,10,139,6,534.0,391,10,6,127,5,473.0,383,0,6,84,5,468.0,327,12,16,113,7
"Sioux Falls, SD",2330.0,1134,8,131,1057,49,1926.0,1069,120,67,670,48,3084.0,1431,6,58,1589,62,2914.0,1533,22,67,1292,61,2388.0,1380,16,54,938,49
"South Bend, IN",512.0,342,2,0,168,3,524.0,380,0,0,144,12,405.0,337,2,0,66,10,959.0,479,0,0,480,46,738.0,419,0,3,316,16
"Spartanburg, SC",1104.0,1084,20,0,0,0,1418.0,1418,0,0,0,0,1921.0,1921,0,0,0,0,2316.0,2316,0,0,0,0,2685.0,2685,0,0,0,0
"Spokane, WA",1960.0,1135,82,21,722,45,2738.0,1461,76,19,1182,47,3764.0,1819,106,50,1789,103,3641.0,1785,122,69,1665,90,3174.0,1944,202,63,965,50
"Springfield, IL",455.0,300,66,0,89,3,383.0,289,54,3,37,3,426.0,274,56,0,96,7,322.0,210,48,0,64,6,506.0,193,36,0,277,12
"Springfield, MA",506.0,420,30,15,41,5,458.0,405,34,4,15,1,585.0,535,14,7,29,3,521.0,441,6,0,74,3,659.0,492,30,3,134,3
"Springfield, MO",2105.0,1116,16,4,969,36,2223.0,1256,14,4,949,35,1977.0,1280,110,0,587,20,1904.0,1352,100,11,441,17,1953.0,1333,62,0,558,15
"Springfield, OH",53.0,49,0,4,0,0,63.0,61,2,0,0,0,55.0,55,0,0,0,0,121.0,69,8,20,24,4,68.0,68,0,0,0,0
"St. Cloud, MN",577.0,387,0,16,174,14,858.0,376,0,12,470,22,1107.0,475,10,0,622,24,819.0,514,4,0,301,6,770.0,532,0,0,238,6
"St. George, UT",1628.0,1573,0,4,51,4,1658.0,1614,0,19,25,4,2196.0,1889,8,86,213,7,3209.0,2315,18,167,709,25,2889.0,2351,18,238,282,25
"St. Joseph, MO",104.0,98,6,0,0,0,211.0,94,4,4,109,13,101.0,95,6,0,0,0,109.0,101,2,0,6,1,93.0,85,8,0,0,0
"St. Louis, MO",6992.0,4538,62,116,2276,119,7698.0,5054,34,115,2495,82,7711.0,5378,56,72,2205,62,7295.0,5608,42,73,1572,83,7338.0,5242,70,72,1954,63
"State College, PA",511.0,365,12,0,134,7,389.0,314,2,4,69,3,393.0,326,24,3,40,2,467.0,319,26,0,122,2,328.0,265,38,4,21,1
"Staunton, VA",603.0,249,4,0,350,17,287.0,287,0,0,0,0,302.0,237,6,8,51,2,307.0,281,6,20,0,0,317.0,232,2,15,68,3
"Stockton, CA",1265.0,1245,0,0,20,1,2431.0,1708,24,0,699,29,1998.0,1862,4,0,132,4,2779.0,2107,2,18,652,48,3280.0,2920,86,8,266,42
"Sumter, SC",289.0,269,0,0,20,1,217.0,217,0,0,0,0,273.0,243,0,0,30,1,222.0,222,0,0,0,0,279.0,279,0,0,0,0
"Syracuse, NY",1163.0,652,56,16,439,23,1194.0,615,4,19,556,29,1370.0,634,10,4,722,55,1159.0,557,0,0,602,13,738.0,570,2,19,147,5
"Tallahassee, FL",1260.0,628,4,3,625,26,896.0,737,4,3,152,8,1613.0,810,8,4,791,27,3053.0,1897,10,0,1146,47,3201.0,2073,14,0,1114,42
"Terre Haute, IN",338.0,75,28,0,235,9,215.0,79,62,32,42,2,414.0,70,30,0,314,2,275.0,48,24,0,203,3,130.0,85,18,0,27,1
"Texarkana, TX",133.0,129,4,0,0,0,333.0,69,8,0,256,8,129.0,121,8,0,0,0,185.0,85,0,0,100,2,191.0,83,8,0,100,2
"The Villages, FL",2570.0,2570,0,0,0,0,1568.0,1568,0,0,0,0,1072.0,1068,4,0,0,0,1814.0,1814,0,0,0,0,2076.0,2076,0,0,0,0
"Toledo, OH",1075.0,598,10,0,467,31,715.0,649,44,0,22,4,827.0,694,66,7,60,9,971.0,704,4,104,159,26,1096.0,785,26,65,220,20
"Topeka, KS",315.0,285,6,0,24,3,388.0,354,22,12,0,0,388.0,368,8,12,0,0,335.0,327,8,0,0,0,356.0,330,26,0,0,0
"Trenton, NJ",368.0,239,8,0,121,9,896.0,284,12,3,597,27,711.0,175,32,53,451,28,605.0,152,2,174,277,16,501.0,180,12,36,273,20
"Tucson, AZ",3250.0,2296,32,0,922,44,2428.0,2226,18,0,184,3,2466.0,2420,6,0,40,8,4495.0,2888,46,0,1561,132,4404.0,3240,22,20,1122,56
"Tulsa, OK",4533.0,3022,76,96,1339,50,3774.0,2885,70,84,735,38,3752.0,3036,82,40,594,28,3644.0,3160,44,4,436,17,3412.0,2845,38,16,513,28
"Tuscaloosa, AL",1386.0,440,70,33,843,30,747.0,453,82,16,196,8,1465.0,537,26,44,858,63,1169.0,572,28,62,507,38,1047.0,578,12,40,417,23
"Tyler, TX",389.0,377,6,6,0,0,470.0,420,32,18,0,0,581.0,454,22,81,24,2,678.0,472,26,38,142,4,660.0,478,102,75,5,1
"Urban Honolulu, HI",1578.0,875,12,0,691,17,3833.0,982,0,0,2851,90,1658.0,846,0,0,812,17,1968.0,1028,0,0,940,19,2410.0,983,0,0,1427,32
"Utica, NY",236.0,220,0,0,16,2,246.0,224,2,4,16,2,234.0,217,2,0,15,2,347.0,193,2,3,149,7,275.0,183,4,0,88,3
"Valdosta, GA",410.0,384,16,0,10,2,627.0,603,14,0,10,2,1018.0,934,4,0,80,5,1089.0,988,10,0,91,5,1126.0,1039,4,0,83,5
"Vallejo, CA",646.0,646,0,0,0,0,1434.0,1036,2,0,396,21,944.0,827,0,0,117,9,907.0,840,0,0,67,7,990.0,954,2,0,34,3
"Victoria, TX",835.0,163,68,0,604,25,139.0,139,0,0,0,0,65.0,65,0,0,0,0,61.0,61,0,0,0,0,70.0,70,0,0,0,0
"Vineland, NJ",212.0,182,0,0,30,6,237.0,185,0,0,52,8,134.0,114,0,0,20,4,88.0,88,0,0,0,0,74.0,70,0,4,0,0
"Virginia Beach, VA",5715.0,3766,22,70,1857,92,6722.0,4024,18,72,2608,89,6213.0,4095,88,87,1943,55,6182.0,4404,38,169,1571,74,5604.0,4168,30,52,1354,58
"Visalia, CA",1092.0,836,8,0,248,22,1275.0,1129,56,0,90,8,1316.0,1190,46,0,80,10,1314.0,1162,28,0,124,19,1528.0,1206,22,8,292,40
"Waco, TX",1471.0,607,50,0,814,49,1507.0,592,86,88,741,35,1765.0,640,82,32,1011,48,1007.0,768,44,28,167,17,850.0,764,38,3,45,1
"Walla Walla, WA",214.0,190,8,0,16,2,214.0,194,4,0,16,2,220.0,184,8,0,28,3,148.0,148,0,0,0,0,225.0,225,0,0,0,0
"Warner Robins, GA",780.0,659,0,11,110,13,1048.0,748,0,0,300,38,839.0,839,0,0,0,0,1196.0,1016,0,0,180,9,1378.0,895,0,9,474,53
"Washington, DC",24804.0,12411,128,26,12239,132,23007.0,12638,120,50,10199,186,25687.0,13384,80,16,12207,211,27265.0,14225,114,16,12910,160,25757.0,13588,94,38,12037,187
"Waterloo, IA",407.0,334,22,11,40,3,414.0,328,6,0,80,8,551.0,357,2,0,192,13,708.0,304,18,0,386,14,335.0,261,4,0,70,8
"Watertown, NY",519.0,107,4,0,408,54,147.0,137,0,0,10,1,105.0,103,2,0,0,0,141.0,141,0,0,0,0,138.0,138,0,0,0,0
"Wausau, WI",383.0,218,0,0,165,12,241.0,229,8,4,0,0,245.0,243,2,0,0,0,611.0,291,16,12,292,19,308.0,274,22,12,0,0
"Weirton, WV",41.0,25,0,16,0,0,48.0,48,0,0,0,0,35.0,35,0,0,0,0,29.0,27,2,0,0,0,26.0,24,2,0,0,0
"Wenatchee, WA",460.0,433,6,0,21,3,593.0,490,14,0,89,7,574.0,543,10,0,21,2,629.0,599,12,4,14,1,807.0,626,10,0,171,8
"Wheeling, WV",61.0,9,0,0,52,2,115.0,71,2,0,42,3,34.0,18,0,0,16,2,20.0,18,2,0,0,0,116.0,9,4,3,100,1
"Wichita Falls, TX",157.0,107,2,0,48,3,80.0,80,0,0,0,0,226.0,94,2,3,127,8,119.0,108,8,3,0,0,320.0,117,8,0,195,8
"Wichita, KS",1514.0,1177,170,37,130,5,2021.0,1153,366,50,452,34,2098.0,1240,288,28,542,36,2731.0,1634,308,86,703,52,1958.0,1223,456,62,217,12
"Williamsport, PA",214.0,107,12,0,95,2,159.0,143,16,0,0,0,93.0,89,4,0,0,0,137.0,133,4,0,0,0,140.0,103,8,6,23,3
"Wilmington, NC",2208.0,1367,18,0,823,24,2358.0,1646,134,8,570,13,2947.0,1774,46,0,1127,39,2762.0,2193,52,0,517,20,2450.0,1868,32,20,530,16
"Winchester, VA",525.0,523,2,0,0,0,774.0,637,0,0,137,5,882.0,877,0,0,5,1,888.0,637,4,55,192,7,934.0,605,4,57,268,28
"Winston, NC",2085.0,1424,80,4,577,23,2044.0,1602,8,4,430,17,2727.0,2243,6,12,466,15,3765.0,2784,20,12,949,32,3499.0,3123,2,0,374,15
"Worcester, MA",1384.0,1274,40,12,58,3,1385.0,1152,24,13,196,3,1623.0,1323,42,0,258,8,1768.0,1297,46,0,425,15,1769.0,1300,102,3,364,13
"Yakima, WA",442.0,352,2,6,82,4,395.0,390,2,3,0,0,422.0,405,10,7,0,0,434.0,412,4,18,0,0,578.0,480,32,51,15,2
"York, PA",816.0,720,6,12,78,9,778.0,707,2,16,53,3,878.0,769,16,59,34,3,838.0,678,22,55,83,15,916.0,788,42,60,26,2
"Youngstown, OH",313.0,301,0,0,12,1,311.0,299,0,0,12,1,466.0,327,8,4,127,1,324.0,310,14,0,0,0,374.0,366,8,0,0,0
"Yuba City, CA",280.0,270,10,0,0,0,371.0,242,0,32,97,8,261.0,257,0,4,0,0,303.0,299,0,4,0,0,476.0,470,6,0,0,0
"Yuma, AZ",594.0,594,0,0,0,0,768.0,765,0,3,0,0,897.0,890,0,7,0,0,1101.0,1005,4,24,68,8,1015.0,1011,4,0,0,0
